Robot,Match Count,Own Switch Attempts,Own Switch Success,Own Switch Accuracy,Own Switch Max,Scale Attempts,Scale Success,Scale Accuracy,Scale Max,Other Switch Attempts,Other Switch Success,Other Switch Accuracy,Other Switch Max,Vault Attempts,Vault Success,Vault Accuracy,Vault Max,Climb Average,Defense,Died,Tipped,Drive Rating,Comments,
1075,11,0,0.0,0,0,20,1.3636363636363635,0.75,3,5,0.45454545454545453,1,2,2,0.09090909090909091,0.5,1,1,0.09090909090909091,0.0,0.0,2.5454545454545454,Didn't touch the cubes|c but cut off 4914:::Scores switch auto for wrong alliance::climbing mechanism broke apart.:they didn't pick up much and they were a bit aimless:Scale bot can not reach scale at full height.:Slow lift. Broken intake.:Hid difficulty picking up a cube|c drive around aimlessly most of the game.::,
1305,10,4,0.3,0.75,1,49,4.4,0.8979591836734694,8,9,0.8,0.8888888888888888,4,9,0.9,1,7,1,0.0,0.0,0.0,3.7,Very good powerup/switch bot|c good climb but no carry|n::::Great auto|c highly efficient|c well rounded:climbed very early::::prepared to climb with fifty seconds left in match:,
2013,11,10,0.9090909090909091,1,3,33,2.8181818181818183,0.9393939393939394,6,4,0.2727272727272727,0.75,2,9,0.8181818181818182,1,9,1,0.09090909090909091,0.0,0.09090909090909091,3.0,:Easily scored on opposite scale. :Struggled with taking cubes at an angle. Seemed a little unsteady.|n:intake stopped working|n|n:::caused the falling of 4152:::elevator mechanism having issues::,
2706,11,6,0.5454545454545454,1,3,44,3.6363636363636362,0.9090909090909091,6,4,0.36363636363636365,1,3,1,0.09090909090909091,1,1,1,0.0,0.0,0.0,2.8181818181818183,Struggled with intake. Great climb though.::::::Us minus 2. Ok robot.::took a while to intake|c often used wall/switch.::they almost tipped twice from driver error they hit the scale:,
2708,11,22,1.7272727272727273,0.8636363636363636,6,50,3.4545454545454546,0.76,6,8,0.7272727272727273,1,3,13,1.1818181818181819,1,6,1,0.0,0.0,0.18181818181818182,3.6363636363636362,:::It's us:We should definitely pick them for eliminations. ::Don't drag the cube along the ground when going backwards.:Remind yourselves that overconfidence is a slow and insidious killer.::::,
2994,10,7,0.7,1,4,22,1.7,0.7727272727272727,6,5,0.5,1,3,8,0.8,1,5,1,0.0,0.0,0.0,3.1,the  |n|n::::died at the start after auto:::::Intake pushes cubes.  Accuracy awful.:,
3543,9,16,1.5555555555555556,0.875,6,7,0.5555555555555556,0.7142857142857143,2,6,0.5555555555555556,0.8333333333333334,2,1,0.1111111111111111,1,1,1,0.0,0.0,0.1111111111111111,2.5555555555555554,:::::Their scissor lift bends|c which means the intake bends. Makes it ni impossible to use.:Scissor lift is very tipsy.::They really are an accordion. :,
4069,10,0,0.0,0,0,0,0.0,0,0,7,0.5,0.7142857142857143,2,1,0.1,1,1,1,0.1,0.2,0.0,1.8,Don't know about this one?:Nothing worked too well. ::Autonomous collided with another robot. Spent a third of the match reaching for a cube.::Was immobile after autonomous.:intaker is terrible|n:Their intake broke. Badly after a heavy collision.:Good bot::,
4152,10,13,1.1,0.8461538461538461,4,11,0.9,0.8181818181818182,3,2,0.2,1,1,0,0.0,0,0,1,0.1,0.0,0.0,2.4,Tipped the scale(foul):Autonomous did nothing. Intake was loose and struggled to pick up cubes.:Played a little bit of defense.:::Played with low battery. Climb was successful but a teammate knocked them off.::Disabled for most of the game. Came back in tele-op. :Not that good|c wouldn't recommend.:dropped cube in auto. driver seemed incompetent. in end game was on platform then drove away:,
4197,1,2,1.0,0.5,1,6,4.0,0.6666666666666666,4,0,0.0,0,0,0,0.0,0,0,1,0.0,0.0,0.0,2.0,missed a lot of scales w.o pressure:,
4343,10,16,1.5,0.9375,5,0,0.0,0,0,18,1.6,0.8888888888888888,5,11,1.1,1,7,1,0.0,0.1,0.0,3.4,Pretty good. Can't do scale though. :Can't do the switch::::Super Switch Bro.::::Communication error?:,
4476,10,20,1.6,0.8,6,44,4.0,0.9090909090909091,8,10,1.0,1,5,4,0.4,1,4,0,0.0,0.1,0.0,3.7,Definite yes.:died the entire round:We should already be familiar with these people. ::W.A.F.F.L.E.S!!!! They are fast and efficient. (breakfast)|n::::Really good robot::,
4519,8,13,1.25,0.7692307692307693,6,13,1.125,0.6923076923076923,2,3,0.375,1,2,2,0.125,0.5,1,0,0.125,0.0,0.0,2.375,Acceleration came close to tipping them. Drivers made several poor choices.::got quite a few penalties. also lunched a cube at a ref during auto:good candidate for cheesecaking a better grabbing mechanism:::::,
4678,10,9,0.9,1,3,31,2.6,0.8387096774193549,4,1,0.1,1,1,4,0.4,1,3,1,0.0,0.1,0.0,3.1,Stopped moving at 30 seconds.|n::The intake broke. 2 cube auto.|n:Sketchy climbing method. Not reliable.:::::Two part manipulator is inconsistent at best and slow and nonfunctional at worst.::,
4783,12,7,0.5,0.8571428571428571,2,3,0.16666666666666666,0.6666666666666666,1,4,0.25,0.75,1,15,1.0,0.8,5,0,0.0,0.0,0.0,2.0833333333333335,:Attempted baseline but crashed into switch and failed. It might have had connectivity issues because it kinda just|c stopped and moved randomly at blue close. Intake ability unknown. :::::::took the majority of the match trying to intake 1 cube.:super tippy and really slow elevator::Fair is square. And square and difficult is their intake.:,
4914,8,11,1.125,0.8181818181818182,4,0,0.0,0,0,10,1.125,0.9,4,21,2.625,1,9,1,0.0,0.125,0.0,2.75,::communication error::Communication error halfway through?::cycled well|c then drove around in aimlessly when they ran out of cubes. ::,
4917,11,14,1.1818181818181819,0.9285714285714286,7,48,4.0,0.9166666666666666,7,9,0.7272727272727273,0.8888888888888888,5,5,0.45454545454545453,1,3,1,0.0,0.0,0.09090909090909091,3.272727272727273,did one more switch during auto but failed::failed a lot of switch drops:Double climb!|n:Got 2 climbs with 4343.:Was defended against pretty well.:really good teleop but their auto was a bit wobbly:::::,
4968,9,2,0.2222222222222222,1,1,9,0.8888888888888888,0.8888888888888888,3,19,1.6666666666666667,0.7894736842105263,4,0,0.0,0,0,1,0.1111111111111111,0.0,0.0,2.2222222222222223,Good and efficient but slow::Crashed into cubes pile and another robot in autonomous. When the scale mechanism is raised|c the robot becomes wobbly. :they used the wrong auto which caused them to score of the wrong side of the switch:I started scouting a bit late and I completely missed auto but I didn't miss much else also I don't know what they did for baseline I just said they crossed just because I'm pretty sure they crossed in the past but not sure if they did this time:Connectivity issues. Slow but consistent intake. Indecisive and inexperienced drivers could end catastrophically.:Slow lift|c slow robot|c slow scoring.|n|n:::,
5672,9,4,0.4444444444444444,1,2,6,0.6666666666666666,1,2,2,0.1111111111111111,0.5,1,0,0.0,0,0,1,0.1111111111111111,0.1111111111111111,0.1111111111111111,1.8888888888888888,Jesus they're fast!!! Tipped in teleop going backwards.:Not only did they push a cube halfway across the field|c a careless driver scored for the other team. >=(:Did nothing for most of match. Crossed auto line in auto.|n:Couldn't see match well :::tippy |n:communications error::,
5834,12,5,0.4166666666666667,1,3,8,0.5,0.75,2,7,0.5,0.8571428571428571,4,8,0.6666666666666666,1,4,1,0.0,0.0,0.0,2.1666666666666665,Moved in erratic|c deliberate|c and short intervals. At the end|c it and another bot were indecisive about who should climb. They both paused for each other and raised their climbing mechanisms before the time ran out. ::::The scale mechanism is very slow. ::their scale elevator was very slow also for the first half of the round they wondered aimlessly::::::,
6059,1,3,2.0,0.6666666666666666,2,0,0.0,0,0,0,0.0,0,0,0,0.0,0,0,0,0.0,0.0,0.0,2.0,:,
6110,12,30,2.25,0.9,6,1,0.08333333333333333,1,1,29,2.1666666666666665,0.896551724137931,6,5,0.4166666666666667,1,2,0,0.0,0.0,0.0,3.3333333333333335,Played enemy switch.::::Struggles with ground intake.::::::::,
6336,9,15,1.5555555555555556,0.9333333333333333,5,0,0.0,0,0,24,2.0,0.75,4,5,0.5555555555555556,1,5,0,0.1111111111111111,0.0,0.0,2.3333333333333335,OK robot::Their multi robot climb is ineffective and dangerous. Taller robots and those with smaller wheels should avoid it.|n:::blocked a lot for the first half|c tried to boost but teammates didn't make it:::fine intake but they missed so many drops:,
6363,1,1,1.0,1,1,0,0.0,0,0,8,8.0,1,8,0,0.0,0,0,0,0.0,0.0,0.0,3.0,they were a bit wobbly:,
6514,11,5,0.2727272727272727,0.6,2,9,0.6363636363636364,0.7777777777777778,2,4,0.2727272727272727,0.75,1,9,0.8181818181818182,1,6,1,0.0,0.09090909090909091,0.09090909090909091,2.272727272727273,tipped around 40 seconds in|c most likely a liability::Climbing mechanism struggled to grab onto the bar. Climbed just at the last second. ::::Comms or technical error.:Did nothing in autonomous. :Struggled to pick up cubes.:::,
6859,10,6,0.5,0.8333333333333334,2,0,0.0,0,0,0,0.0,0,0,30,3.0,1,6,0,0.0,0.0,0.0,3.0,Disabled in tele-op until 75 seconds left. ::::Intake doesn't work well::::::,
6864,13,7,0.46153846153846156,0.8571428571428571,3,0,0.0,0,0,12,0.8461538461538461,0.9166666666666666,4,29,1.8461538461538463,0.8275862068965517,7,0,0.15384615384615385,0.07692307692307693,0.0,2.230769230769231,::::Weak drive team. May be good with training:Drive team needs work. :::They did more pushing than holding.|n:Gets a lot of cubes. Good vault.::The intake on this bot just doesn't work.:connection issues I think died in front of the vault so know one else could get the power ups on their team:,
6865,11,14,1.0,0.7857142857142857,2,0,0.0,0,0,17,0.7272727272727273,0.47058823529411764,2,3,0.2727272727272727,1,3,0,0.18181818181818182,0.0,0.0,2.4545454545454546,::::|n:Their outtake has a design flaw. Cubes can get stuck on the edge of the belt that they sit on.|n:This robot uses a conveyor belt to launch cubes into the switch. It's not very good at doing it effectively. ::They cannot intake from the ground. They pushed all their cubes::intake is good but outtake took a long time to load out the cube:,
6978,11,21,1.8181818181818181,0.9523809523809523,5,0,0.0,0,0,14,1.2727272727272727,1,4,19,1.6363636363636365,0.9473684210526315,5,0,0.09090909090909091,0.0,0.0,3.1818181818181817,blocked by his teammate unintentionally at a few points:Wobbles whenever it goes fast enough. Greater possibility for tipping. ::::Their intake is lightning fast|c and holds cubes well. Their auto drove them into the pile of cubes|c and nearly tilted them over::slow autonomous|c went immobile at 73 seconds and moved again at 15 seconds.:Tends to fumble cubes. Great vault/switch bot.:::,
6987,12,8,0.4166666666666667,0.625,2,1,0.08333333333333333,1,1,7,0.4166666666666667,0.7142857142857143,2,19,1.5,0.9473684210526315,6,0,0.0,0.0,0.0,2.3333333333333335,Terrible auto|c shoddy intake|c failed to get carried.:::intake was having issues|c could be fixed in the future but not very good at present:::Almost tipped about 10 times. :often could not lift cubes|c usually pushed cubes infront of it.:Cannot take cubes at an angle. Cannot outtake consistently. Barely clears switch wall.:just pushed cubes in front of scale for teammates. intake is bad|n:::,
7052,9,0,0.0,0,0,0,0.0,0,0,0,0.0,0,0,6,0.6666666666666666,1,3,0,0.1111111111111111,0.0,0.0,2.2222222222222223,Not a good robot.:They drove into a wall in autonomous. Then they drove around aimlessly.:Intake broke and would not open. All cubes were pushed.::Broken intake doesn't work:Movement very slow. :Intake broken::Intake broke mid match:,
7176,11,9,0.7272727272727273,0.8888888888888888,4,23,1.3636363636363635,0.6521739130434783,3,16,1.1818181818181819,0.8125,5,1,0.0,0.0,0,1,0.0,0.0,0.0,2.727272727272727,:extremely unreliable|c arm mechanism seems quite fragile ::::Intake is barely functional if cube is not intook straight on. Is also made of paper. or something of similar flexibility. Is also top heavy::failed at picking up constantly. climbed not bad::::,
7267,8,12,0.625,0.4166666666666667,4,0,0.0,0,0,6,0.625,0.8333333333333334,4,8,1.0,1,5,0,0.125,0.0,0.0,2.375,:Intake mechanism was so loose that it tried to just push cubes into the vault with its claws. :Not too good:::Cube fell out in autonomous. Intake ability unknown. :::,
7329,8,13,1.375,0.8461538461538461,4,0,0.0,0,0,6,0.75,1,3,28,3.5,1,9,0,0.125,0.0,0.0,3.25,::Had a little difficulty scoring into the vault at times. :Very good switch robot:Intake is a little slow. Outtake has dead space where cube can get stuck.|n::they tried Togo for switch but their switch outtake didn't look like it was working well:This is a great potential vault scale bot|n:,
771,8,1,0.125,1,1,0,0.0,0,0,0,0.0,0,0,0,0.0,0,0,0,0.625,0.125,0.125,2.25,seemed to be having communication problems :Never picked up cube|c pushed it on the ground infront of it slowly.:Ramp system designed for 2 climbs is too thick. and steep. :Intake ability unknown. :defence was very good:Tried to defend but mostly stayed in one spot away from opposing robots. Intake ability unknown. :they pretty much did nothing I think::,
