Match,Date and Time Of Match,Auto Baseline Group,First Auto Cube Location,First Auto Cube Group,Second Auto Cube Location,Second Auto Cube Group,Auto Cube Pickup,Own Switch Cubes,Own Switch Miss,Scale Cubes,Scale Miss,Other Switch Cubes,Other Switch Miss,Vault Cubes,Vault Miss,Endgame Climb,Robots Carried,Defense,Died,Tipped,Drive Rating,Intake Rating,Endgame Comments,Scout,
1,01 15;21;54,True,Switch,True,Switch,True,1,0,0,0,0,2,0,7,0,Successful Climb,0,false,false,false,4.0,4.0,Very good powerup/switch bot|c good climb but no carry|n,Not Noah,
7,30 11;56;47,True,Switch,True,Switch,True,1,0,1,5,0,0,0,0,0,Successful Climb,0,false,false,false,3.0,3.0,,spencer,
11,01 17;00;50,True,Switch,First Auto Cube Failed,None,NULL,1,0,0,6,0,0,0,0,0,Successful Climb,0,false,false,false,4.0,4.0,,Sean Green,
17,30 14;00;13,True,Switch,True,None,NULL,2,1,0,4,0,1,0,0,0,Successful Climb,0,false,false,false,4.0,4.0,,Arman,
24,30 14;57;12,True,Switch,True,Switch,True,2,0,0,6,1,0,0,2,0,Successful Climb,0,false,false,false,4.0,4.0,Great auto|c highly efficient|c well rounded,Noah B,
29,01 20;24;24,True,Switch,True,Switch,True,1,1,0,0,0,4,1,0,0,Successful Climb,0,false,false,false,4.0,3.0,climbed very early,Not Noah,
35,30 13;43;51,True,Switch,True,None,NULL,0,0,0,8,1,0,0,0,0,Did Not Try,0,false,false,false,4.0,4.0,,Sean Green,
43,30 17;51;21,True,Scale,True,Switch,False,0,0,0,4,2,1,0,0,0,Successful Climb,0,false,false,false,4.0,4.0,,Shawn Song,
50,31 06;43;40,True,Scale,True,None,NULL,0,0,0,6,1,0,0,0,0,Successful Climb,0,false,false,false,3.0,3.0,,Not Noah,
57,31 10;43;10,True,Switch,True,Switch,True,0,1,0,5,0,0,0,0,0,Successful Climb,0,false,false,false,3.0,3.0,prepared to climb with fifty seconds left in match,Matthew,
