Match,Date and Time Of Match,Auto Baseline Group,First Auto Cube Location,First Auto Cube Group,Second Auto Cube Location,Second Auto Cube Group,Auto Cube Pickup,Own Switch Cubes,Own Switch Miss,Scale Cubes,Scale Miss,Other Switch Cubes,Other Switch Miss,Vault Cubes,Vault Miss,Endgame Climb,Robots Carried,Defense,Died,Tipped,Drive Rating,Intake Rating,Endgame Comments,Scout,
3,30 11;10;02,True,Scale,True,None,NULL,0,0,0,6,0,0,0,0,0,Successful Climb,0,false,false,false,3.0,2.0,,spencer,
11,30 12;32;26,True,Switch,True,None,NULL,0,0,0,1,0,0,0,0,0,Failed Climb,0,false,false,false,3.0,3.0,Easily scored on opposite scale. ,Shawn Song,
13,30 12;48;07,True,Switch,True,None,NULL,0,0,0,3,0,0,0,0,0,Did Not Try,0,false,false,false,3.0,2.0,Struggled with taking cubes at an angle. Seemed a little unsteady.|n,Noah B,
20,30 11;25;16,True,Switch,True,None,NULL,0,1,0,2,0,0,0,0,0,Failed Climb,0,true,false,false,3.0,1.0,intake stopped working|n|n,Eric,
25,01 19;53;10,True,Switch,True,None,NULL,0,1,0,0,0,0,0,9,0,Failed Climb,0,false,false,false,3.0,2.0,,Eric,
32,30 16;17;34,True,Scale,True,None,NULL,0,0,0,5,0,2,0,0,0,Successful Climb,0,false,false,false,3.0,3.0,,Matthew,
37,30 14;02;24,True,Switch,First Auto Cube Failed,None,NULL,0,0,0,4,1,1,0,0,0,Did Not Try,0,false,false,false,2.0,3.0,caused the falling of 4152,halil,
43,30 17;51;16,False,None,NULL,None,NULL,0,3,0,1,0,0,0,0,0,Failed Climb,0,false,false,true,3.0,3.0,,Matthew,
45,30 15;11;17,True,Switch,First Auto Cube Failed,None,NULL,0,2,0,5,0,0,0,0,0,Successful Climb,0,false,false,false,3.0,3.0,,Eric,
53,31 07;13;24,True,Scale,First Auto Cube Failed,None,NULL,0,0,0,3,1,0,1,0,0,Did Not Try,0,false,false,false,3.0,2.0,elevator mechanism having issues,Eric,
58,31 07;49;25,True,Switch,First Auto Cube Failed,None,NULL,0,3,0,1,0,0,0,0,0,Successful Climb,0,false,false,false,4.0,3.0,,Sean Green,
