Match,Date and Time Of Match,Auto Baseline Group,First Auto Cube Location,First Auto Cube Group,Second Auto Cube Location,Second Auto Cube Group,Auto Cube Pickup,Own Switch Cubes,Own Switch Miss,Scale Cubes,Scale Miss,Other Switch Cubes,Other Switch Miss,Vault Cubes,Vault Miss,Endgame Climb,Robots Carried,Defense,Died,Tipped,Drive Rating,Intake Rating,Endgame Comments,Scout,
6,30 08;50;02,True,Scale,First Auto Cube Failed,None,NULL,0,0,0,5,0,0,0,0,0,Successful Climb,0,false,false,false,3.0,2.0,Struggled with intake. Great climb though.,Noah B,
9,30 12;11;37,True,Scale,First Auto Cube Failed,None,NULL,0,0,0,1,0,3,0,0,0,Failed Climb,0,false,false,false,3.0,4.0,,Arman,
12,30 12;39;28,True,Switch,True,None,NULL,0,0,0,4,1,0,0,0,0,Did Not Try,0,false,false,false,3.0,3.0,,Not Noah,
18,30 11;12;42,True,Switch,True,None,NULL,0,3,0,1,1,0,0,0,0,Successful Climb,0,false,false,false,3.0,3.0,,Eric,
31,30 16;10;04,True,Switch,True,None,NULL,0,0,0,6,0,1,0,0,0,Successful Climb,0,false,false,false,3.0,3.0,,Eric,
33,30 16;24;02,False,Switch,True,None,NULL,0,0,0,5,0,0,0,0,0,Did Not Try,0,false,false,false,3.0,3.0,,Matthew,
43,30 14;51;32,True,Switch,True,None,NULL,0,0,0,3,1,0,0,0,0,Got carried,0,false,false,false,2.0,2.0,Us minus 2. Ok robot.,Sean Green,
48,31 06;26;12,True,Switch,True,None,NULL,0,3,0,2,0,0,0,0,0,Successful Climb,0,false,false,false,2.0,4.0,,Not Noah,
53,31 10;13;20,True,Switch,True,None,NULL,0,0,0,5,0,0,0,0,0,Successful Climb,1,false,false,false,3.0,2.0,took a while to intake|c often used wall/switch.,Arman,
62,31 08;19;57,True,Switch,True,None,NULL,0,0,0,4,1,0,0,1,0,Successful Climb,0,false,false,false,3.0,3.0,,Eric,
59,31 10;56;18,True,Switch,True,Switch,True,0,0,0,4,0,0,0,0,0,Successful Climb,1,false,false,false,3.0,4.0,they almost tipped twice from driver error they hit the scale,halil ,
