Match,Date and Time Of Match,Auto Baseline Group,First Auto Cube Location,First Auto Cube Group,Second Auto Cube Location,Second Auto Cube Group,Auto Cube Pickup,Own Switch Cubes,Own Switch Miss,Scale Cubes,Scale Miss,Other Switch Cubes,Other Switch Miss,Vault Cubes,Vault Miss,Endgame Climb,Robots Carried,Defense,Died,Tipped,Drive Rating,Intake Rating,Endgame Comments,Scout,
6,30 11;48;45,True,None,NULL,Scale,True,0,0,0,5,4,1,0,0,0,Failed Climb,0,false,false,false,4.0,4.0,,Arman,
11,30 09;34;56,True,Scale,True,Scale,False,0,1,0,6,0,0,0,0,0,Failed Climb,0,false,false,true,4.0,3.0,,halil,
15,30 10;06;47,True,Switch,First Auto Cube Failed,Switch,True,1,1,0,1,0,3,0,6,0,Did Not Try,0,false,false,false,4.0,4.0,,halil,
20,01 18;53;55,True,Scale,First Auto Cube Failed,Scale,True,1,0,0,5,3,2,0,0,0,Successful Climb,0,false,false,false,4.0,4.0,It's us,Sean Green,
26,30 15;30;59,True,Scale,True,None,NULL,0,1,1,3,0,0,0,0,0,Successful Climb,0,false,false,false,4.0,4.0,We should definitely pick them for eliminations. ,Shawn Song,
35,30 16;44;51,True,None,NULL,None,NULL,0,0,0,5,1,0,0,0,0,Did Not Try,0,false,false,true,4.0,4.0,,Shawn Song,
30,30 16;04;13,True,Switch,True,Switch,True,1,4,0,1,1,0,0,0,0,Did Not Try,0,false,false,false,4.0,4.0,Don't drag the cube along the ground when going backwards.,Noah B,
41,01 22;06;39,True,None,NULL,None,NULL,0,2,0,6,3,0,0,1,0,Did Not Try,0,false,false,false,3.0,4.0,Remind yourselves that overconfidence is a slow and insidious killer.,Not Noah,
47,31 09;17;16,True,Scale,True,None,NULL,0,4,1,1,0,0,0,0,0,Successful Climb,0,false,false,false,3.0,3.0,,Matthew,
49,31 06;37;10,True,Switch,True,None,NULL,0,0,0,5,0,2,0,1,0,Successful Climb,0,false,false,false,4.0,3.0,,Eric,
62,31 11;20;14,True,None,NULL,None,NULL,0,6,1,0,0,0,0,5,0,Failed Climb,0,false,false,false,2.0,3.0,,Arman,
