Match,Date and Time Of Match,Auto Baseline Group,First Auto Cube Location,First Auto Cube Group,Second Auto Cube Location,Second Auto Cube Group,Auto Cube Pickup,Own Switch Cubes,Own Switch Miss,Scale Cubes,Scale Miss,Other Switch Cubes,Other Switch Miss,Vault Cubes,Vault Miss,Endgame Climb,Robots Carried,Defense,Died,Tipped,Drive Rating,Intake Rating,Endgame Comments,Scout,
5,30 11;39;59,True,Scale,True,None,NULL,0,0,0,0,0,0,0,0,0,Did Not Try,0,false,false,false,2.0,2.0,the  |n|n,spencer,
10,30 12;25;17,True,None,First Auto Cube Failed,None,NULL,0,0,0,0,0,3,0,0,0,Did Not Try,0,false,false,false,3.0,2.0,,Arman,
20,30 14;24;33,True,None,NULL,None,NULL,0,0,0,6,0,1,0,0,0,Did Not Try,0,false,false,false,3.0,3.0,,Arman,
26,30 12;30;48,False,None,NULL,None,NULL,0,2,0,1,0,0,0,1,0,Did Not Try,0,false,false,false,3.0,2.0,,Sean Green,
32,30 13;17;55,True,None,NULL,None,NULL,0,1,0,1,0,1,0,0,0,Did Not Try,0,false,false,false,4.0,3.0,died at the start after auto,halil,
36,30 16;52;16,True,None,NULL,None,NULL,0,0,0,0,0,0,0,0,0,Did Not Try,0,false,false,false,3.0,3.0,,Eric,
41,30 17;37;39,True,None,NULL,None,NULL,0,0,0,2,2,0,0,0,0,Did Not Try,0,false,false,false,3.0,3.0,,Eric,
49,31 09;37;37,False,Switch,True,None,NULL,0,0,0,2,0,0,0,5,0,Did Not Try,0,false,false,false,3.0,4.0,,Shawn Song,
54,31 10;22;17,True,None,NULL,None,NULL,0,4,0,2,0,0,0,2,0,Successful Climb,0,false,false,false,4.0,3.0,,Shawn Song,
61,31 11;13;40,True,None,NULL,None,NULL,0,0,0,3,3,0,0,0,0,Did Not Try,0,false,false,false,3.0,1.0,Intake pushes cubes.  Accuracy awful.,Noah B,
