Match,Date and Time Of Match,Auto Baseline Group,First Auto Cube Location,First Auto Cube Group,Second Auto Cube Location,Second Auto Cube Group,Auto Cube Pickup,Own Switch Cubes,Own Switch Miss,Scale Cubes,Scale Miss,Other Switch Cubes,Other Switch Miss,Vault Cubes,Vault Miss,Endgame Climb,Robots Carried,Defense,Died,Tipped,Drive Rating,Intake Rating,Endgame Comments,Scout,
2,30 11;00;17,True,None,NULL,None,NULL,0,3,1,0,0,2,1,0,0,Successful Climb,0,false,false,false,3.0,3.0,,Arman,
6,30 11;48;42,True,None,NULL,None,NULL,0,2,0,0,0,0,0,0,0,Did Not Try,0,false,false,false,3.0,3.0,,Matthew,
14,30 12;57;47,True,None,NULL,None,NULL,0,1,0,2,1,0,0,0,0,Did Not Try,0,false,false,false,2.0,2.0,,Matthew,
17,30 11;01;04,True,Switch,True,None,NULL,0,1,1,0,0,0,0,1,0,Failed Climb,0,false,false,false,2.0,2.0,,Eric,
26,30 15;31;02,True,None,NULL,None,NULL,0,0,0,0,0,1,0,0,0,Did Not Try,0,false,false,false,3.0,2.0,,Arman,
28,30 15;48;06,True,None,NULL,None,NULL,0,0,0,0,0,1,0,0,0,Failed Climb,0,false,false,false,3.0,1.0,Their scissor lift bends|c which means the intake bends. Makes it ni impossible to use.,Noah B,
34,30 16;33;33,True,None,NULL,None,NULL,0,6,0,0,0,0,0,0,0,Did Not Try,0,false,false,false,3.0,2.0,Scissor lift is very tipsy.,Arman,
53,02 14;41;56,True,Switch,True,None,NULL,0,0,0,1,0,1,0,0,0,Did Not Try,0,false,false,true,2.0,3.0,,halil,
57,31 10;43;45,True,None,NULL,None,NULL,0,1,0,2,1,0,0,0,0,Did Not Try,0,false,false,false,2.0,1.0,They really are an accordion. ,Noah B,
