Match,Date and Time Of Match,Auto Baseline Group,First Auto Cube Location,First Auto Cube Group,Second Auto Cube Location,Second Auto Cube Group,Auto Cube Pickup,Own Switch Cubes,Own Switch Miss,Scale Cubes,Scale Miss,Other Switch Cubes,Other Switch Miss,Vault Cubes,Vault Miss,Endgame Climb,Robots Carried,Defense,Died,Tipped,Drive Rating,Intake Rating,Endgame Comments,Scout,
1,30 07;51;13,True,None,NULL,None,NULL,0,0,0,0,0,0,0,0,0,Failed Climb,0,true,false,false,2.0,1.0,Don't know about this one?,Sean Green,
9,01 16;41;09,True,Scale,True,None,NULL,0,0,0,0,0,0,0,0,0,Did Not Try,0,false,true,false,1.0,1.0,Nothing worked too well. ,Sean Green,
15,30 10;06;20,True,Switch,First Auto Cube Failed,None,NULL,0,0,0,0,0,1,0,0,0,Failed Climb,0,false,false,false,2.0,1.0,,spencer,
19,30 14;16;30,False,None,NULL,None,NULL,0,0,0,0,0,1,2,0,0,Did Not Try,0,false,false,false,2.0,1.0,Autonomous collided with another robot. Spent a third of the match reaching for a cube.,Arman,
29,30 12;55;08,True,None,NULL,None,NULL,0,0,0,0,0,1,0,0,0,Did Not Try,0,false,false,false,2.0,1.0,,Sean Green,
38,30 17;12;36,True,None,NULL,None,NULL,0,0,0,0,0,0,0,0,0,Did Not Try,0,false,true,false,1.0,1.0,Was immobile after autonomous.,Arman,
44,30 15;04;51,True,Switch,First Auto Cube Failed,None,NULL,0,0,0,0,0,0,0,1,0,Failed Climb,0,false,false,false,1.0,1.0,intaker is terrible|n,Eric,
49,31 09;38;55,True,Scale,True,None,NULL,0,0,0,0,0,0,0,0,0,Failed Climb,0,false,false,false,2.0,2.0,Their intake broke. Badly after a heavy collision.,Noah B,
56,31 07;35;23,True,None,NULL,None,NULL,0,0,0,0,0,2,0,0,0,Successful Climb,0,false,false,false,3.0,2.0,Good bot,Sean Green,
60,02 15;33;50,True,None,NULL,None,NULL,0,0,0,0,0,0,0,0,0,Did Not Try,0,false,false,false,2.0,1.0,,Not Noah,
