Match,Date and Time Of Match,Auto Baseline Group,First Auto Cube Location,First Auto Cube Group,Second Auto Cube Location,Second Auto Cube Group,Auto Cube Pickup,Own Switch Cubes,Own Switch Miss,Scale Cubes,Scale Miss,Other Switch Cubes,Other Switch Miss,Vault Cubes,Vault Miss,Endgame Climb,Robots Carried,Defense,Died,Tipped,Drive Rating,Intake Rating,Endgame Comments,Scout,
1,30 10;51;12,True,Scale,First Auto Cube Failed,None,NULL,0,0,0,3,0,0,0,0,0,Did Not Try,0,false,false,false,1.0,2.0,Tipped the scale(foul),Arman,
7,30 08;57;53,False,None,NULL,None,NULL,0,0,0,2,0,0,0,0,0,Did Not Try,0,false,false,false,2.0,1.0,Autonomous did nothing. Intake was loose and struggled to pick up cubes.,Noah B,
12,30 12;38;10,True,None,NULL,None,NULL,0,2,1,0,0,0,0,0,0,Did Not Try,0,true,false,false,3.0,2.0,Played a little bit of defense.,Arman,
17,01 18;29;28,True,None,NULL,None,NULL,0,1,0,2,0,0,0,0,0,Did Not Try,0,false,false,false,2.0,2.0,,Sean Green,
22,01 19;10;57,True,Switch,First Auto Cube Failed,None,NULL,0,1,0,1,1,0,0,0,0,Successful Climb,0,false,false,false,2.0,1.0,,Sean Green,
37,30 17;03;16,True,Switch,First Auto Cube Failed,None,NULL,0,3,0,0,0,0,0,0,0,Failed Climb,0,false,false,false,4.0,2.0,Played with low battery. Climb was successful but a teammate knocked them off.,Noah B,
41,30 14;36;45,True,None,NULL,None,NULL,0,4,0,0,0,1,0,0,0,Successful Climb,0,false,false,false,3.0,2.0,,Sean Green,
46,31 08;57;40,False,None,NULL,None,NULL,0,0,0,1,0,0,0,0,0,Successful Climb,0,false,false,false,3.0,3.0,Disabled for most of the game. Came back in tele-op. ,Shawn Song,
49,31 09;37;11,True,None,NULL,None,NULL,0,0,1,0,1,0,0,0,0,Successful Climb,0,false,false,false,2.0,1.0,Not that good|c wouldn't recommend.,Sean Green,
56,31 10;36;15,True,None,NULL,None,NULL,0,0,0,0,0,1,0,0,0,Did Not Try,0,false,false,false,2.0,2.0,dropped cube in auto. driver seemed incompetent. in end game was on platform then drove away,Matthew,
