Match,Date and Time Of Match,Auto Baseline Group,First Auto Cube Location,First Auto Cube Group,Second Auto Cube Location,Second Auto Cube Group,Auto Cube Pickup,Own Switch Cubes,Own Switch Miss,Scale Cubes,Scale Miss,Other Switch Cubes,Other Switch Miss,Vault Cubes,Vault Miss,Endgame Climb,Robots Carried,Defense,Died,Tipped,Drive Rating,Intake Rating,Endgame Comments,Scout,
3,30 11;09;45,False,Switch,True,None,NULL,0,0,0,0,0,2,0,0,0,Did Not Try,0,false,false,false,4.0,4.0,Pretty good. Can't do scale though. ,Shawn Song,
10,01 16;54;22,True,Switch,True,None,True,0,5,1,0,0,2,0,0,0,Successful Climb,0,false,false,false,3.0,3.0,Can't do the switch,Sean Green,
15,30 13;06;30,True,None,NULL,None,NULL,0,0,0,0,0,5,1,0,0,Did Not Try,0,false,false,false,3.0,3.0,,Matthew,
17,30 14;16;05,True,Switch,True,None,NULL,0,1,0,0,0,0,0,7,0,Successful Climb,0,false,false,false,4.0,4.0,,halil,
22,30 14;48;48,False,None,NULL,None,NULL,0,4,0,0,0,0,0,0,0,Successful Climb,0,false,false,false,4.0,4.0,,Arman,
35,30 16;44;39,True,Switch,True,None,NULL,0,0,0,0,0,2,0,0,0,Successful Climb,0,false,false,false,4.0,4.0,Super Switch Bro.,Noah B,
39,30 17;20;08,True,None,NULL,None,NULL,0,4,0,0,0,0,0,4,0,Successful Climb,0,false,false,false,3.0,3.0,,Matthew,
44,30 18;03;58,False,None,NULL,None,NULL,0,0,0,0,0,2,0,0,0,Did Not Try,0,false,false,false,4.0,4.0,,Shawn Song,
52,31 10;04;56,True,None,NULL,None,NULL,0,1,0,0,0,3,1,0,0,Successful Climb,0,false,false,false,3.0,3.0,,Matthew,
58,31 10;49;41,True,Switch,True,None,NULL,0,0,0,0,0,0,0,0,0,Did Not Try,0,false,true,false,2.0,1.0,Communication error?,Noah B,61,31 11;13;05,True,Switch,True,None,NULL,0,5,0,0,0,0,0,5,0,Successful Climb,1,false,false,false,3.0,3.0,,Arman,
