Match,Date and Time Of Match,Auto Baseline Group,First Auto Cube Location,First Auto Cube Group,Second Auto Cube Location,Second Auto Cube Group,Auto Cube Pickup,Own Switch Cubes,Own Switch Miss,Scale Cubes,Scale Miss,Other Switch Cubes,Other Switch Miss,Vault Cubes,Vault Miss,Endgame Climb,Robots Carried,Defense,Died,Tipped,Drive Rating,Intake Rating,Endgame Comments,Scout,
2,30 08;01;14,True,Scale,First Auto Cube Failed,None,NULL,0,1,1,1,1,0,0,1,1,Did Not Try,0,false,false,false,1.0,1.0,Acceleration came close to tipping them. Drivers made several poor choices.,Noah B,
12,30 09;38;51,True,None,NULL,None,NULL,0,1,1,1,0,0,0,0,0,Did Not Try,0,true,false,false,3.0,2.0,,halil,
21,30 11;34;54,False,Switch,First Auto Cube Failed,None,NULL,0,0,0,2,1,0,0,0,0,Did Not Try,0,false,false,false,2.0,3.0,got quite a few penalties. also lunched a cube at a ref during auto,Not Noah,
23,30 11;49;29,True,None,NULL,None,NULL,0,1,0,0,0,1,0,0,0,Did Not Try,0,false,false,false,3.0,1.0,good candidate for cheesecaking a better grabbing mechanism,Not Noah,
28,30 12;47;29,True,Switch,True,Switch,True,0,0,0,2,0,0,0,0,0,Did Not Try,0,false,false,false,3.0,3.0,,halil,
37,01 21;31;05,True,None,NULL,None,NULL,0,1,0,2,1,0,0,0,0,Did Not Try,0,false,false,false,2.0,4.0,,Not Noah,
49,31 06;36;46,True,Scale,True,None,True,0,0,0,1,1,2,0,0,0,Did Not Try,0,false,false,false,2.0,3.0,,Not Noah,
59,02 15;24;55,True,Scale,True,None,NULL,0,6,1,0,0,0,0,0,0,Did Not Try,0,false,false,false,3.0,4.0,,Not Noah,
