Match,Date and Time Of Match,Auto Baseline Group,First Auto Cube Location,First Auto Cube Group,Second Auto Cube Location,Second Auto Cube Group,Auto Cube Pickup,Own Switch Cubes,Own Switch Miss,Scale Cubes,Scale Miss,Other Switch Cubes,Other Switch Miss,Vault Cubes,Vault Miss,Endgame Climb,Robots Carried,Defense,Died,Tipped,Drive Rating,Intake Rating,Endgame Comments,Scout,
1,30 07;52;33,True,Scale,First Auto Cube Failed,None,NULL,0,0,0,3,0,0,0,0,0,Did Not Try,0,false,true,false,4.0,2.0,Stopped moving at 30 seconds.|n,Noah B,
11,30 12;25;11,True,Scale,True,None,NULL,0,3,0,2,0,0,0,0,0,Failed Climb,0,false,false,false,4.0,4.0,,spencer,
14,30 12;58;27,True,Scale,True,Scale,False,1,0,0,0,0,0,0,0,0,Did Not Try,0,false,false,false,2.0,1.0,The intake broke. 2 cube auto.|n,Noah B,
18,30 14;16;40,True,Scale,True,Scale,False,1,0,0,2,1,1,0,0,0,Failed Climb,0,false,false,false,3.0,3.0,Sketchy climbing method. Not reliable.,Noah B,
25,30 15;23;26,True,None,NULL,None,NULL,0,2,0,3,0,0,0,0,0,Did Not Try,0,false,false,false,3.0,3.0,,Matthew,
28,30 15;47;12,False,Switch,True,None,NULL,0,0,0,2,2,0,0,0,0,Failed Climb,0,false,false,false,2.0,2.0,,Shawn Song,
35,30 16;44;37,True,Scale,True,None,NULL,0,3,0,3,0,0,0,0,0,Did Not Try,0,false,false,false,4.0,4.0,,Matthew,
48,31 09;25;52,True,Scale,True,None,NULL,0,0,0,3,0,0,0,3,0,Successful Climb,0,false,false,false,4.0,3.0,,Shawn Song,
50,31 09;46;15,True,Switch,First Auto Cube Failed,None,NULL,0,1,0,4,0,0,0,1,0,Successful Climb,0,false,false,false,2.0,2.0,Two part manipulator is inconsistent at best and slow and nonfunctional at worst.,Noah B,
54,31 10;22;17,True,Scale,True,None,NULL,0,0,0,4,2,0,0,0,0,Failed Climb,0,false,false,false,3.0,3.0,,Matthew,
