Match,Date and Time Of Match,Auto Baseline Group,First Auto Cube Location,First Auto Cube Group,Second Auto Cube Location,Second Auto Cube Group,Auto Cube Pickup,Own Switch Cubes,Own Switch Miss,Scale Cubes,Scale Miss,Other Switch Cubes,Other Switch Miss,Vault Cubes,Vault Miss,Endgame Climb,Robots Carried,Defense,Died,Tipped,Drive Rating,Intake Rating,Endgame Comments,Scout,
4,30 11;27;59,True,None,NULL,None,NULL,0,0,0,0,0,1,0,0,0,Did Not Try,0,false,false,false,1.0,1.0,,Shawn Song,
9,30 12;12;21,False,None,NULL,None,NULL,0,0,0,0,0,0,0,0,0,Did Not Try,0,false,false,false,2.0,2.0,Attempted baseline but crashed into switch and failed. It might have had connectivity issues because it kinda just|c stopped and moved randomly at blue close. Intake ability unknown. ,Shawn Song,
15,30 13;06;33,True,None,NULL,None,NULL,0,0,0,0,0,0,0,0,0,Did Not Try,0,false,false,false,2.0,1.0,,Arman,
21,30 14;34;11,True,None,NULL,None,NULL,0,2,1,0,0,0,0,0,0,Did Not Try,0,false,false,false,2.0,1.0,,Matthew,
26,01 20;00;09,True,None,NULL,None,NULL,0,1,0,0,0,0,0,1,0,Did Not Try,0,false,false,false,2.0,1.0,,Not Noah,
32,30 16;19;11,True,None,NULL,None,NULL,0,0,0,0,0,1,1,0,0,Did Not Try,0,false,false,false,2.0,1.0,,Eric,
35,30 16;43;53,True,None,NULL,None,NULL,0,0,0,0,0,0,0,4,1,Did Not Try,0,false,false,false,3.0,3.0,,Arman,
40,30 17;27;48,True,None,NULL,None,NULL,0,0,0,0,0,0,0,0,0,Did Not Try,0,false,false,false,3.0,2.0,,Eric,
46,31 08;57;40,True,None,NULL,None,NULL,0,0,0,1,1,0,0,0,0,Did Not Try,0,false,false,false,2.0,1.0,took the majority of the match trying to intake 1 cube.,Arman,
51,02 14;29;58,True,None,NULL,None,NULL,0,0,0,1,0,1,0,0,0,Did Not Try,0,false,false,false,2.0,1.0,super tippy and really slow elevator,halil,
57,31 10;42;55,True,None,NULL,None,NULL,0,1,0,0,0,0,0,5,2,Did Not Try,0,false,false,false,2.0,1.0,,Shawn Song,
60,31 11;05;07,True,None,NULL,None,NULL,0,2,0,0,0,0,0,2,0,Did Not Try,0,false,false,false,2.0,1.0,Fair is square. And square and difficult is their intake.,Noah B,
