Match,Date and Time Of Match,Auto Baseline Group,First Auto Cube Location,First Auto Cube Group,Second Auto Cube Location,Second Auto Cube Group,Auto Cube Pickup,Own Switch Cubes,Own Switch Miss,Scale Cubes,Scale Miss,Other Switch Cubes,Other Switch Miss,Vault Cubes,Vault Miss,Endgame Climb,Robots Carried,Defense,Died,Tipped,Drive Rating,Intake Rating,Endgame Comments,Scout,
5,30 11;39;42,False,None,NULL,None,NULL,0,1,0,0,0,1,0,2,0,Did Not Try,0,false,false,false,3.0,3.0,,Matthew,
11,30 12;32;31,True,None,NULL,None,NULL,0,0,0,0,0,0,0,6,0,Failed Climb,0,false,false,false,3.0,3.0,,Matthew,
18,30 11;08;42,False,None,NULL,None,NULL,0,0,0,0,0,0,0,0,0,Did Not Try,0,false,true,false,1.0,1.0,communication error,Not Noah,23,01 19;18;12,False,None,NULL,None,NULL,0,1,0,0,0,0,0,5,0,Did Not Try,0,false,false,false,2.0,3.0,,Eric,
29,30 15;56;55,True,None,NULL,None,NULL,0,4,1,0,0,1,0,0,0,Successful Climb,0,false,false,false,3.0,2.0,,Eric,
36,30 13;52;08,True,None,NULL,None,NULL,0,3,0,0,0,0,0,4,0,Successful Climb,0,false,false,false,2.0,3.0,Communication error halfway through?,Sean Green,
41,30 17;38;01,False,None,NULL,None,NULL,0,0,0,0,0,3,0,0,0,Did Not Try,0,false,false,false,4.0,4.0,,Shawn Song,
51,31 09;58;00,True,None,True,None,True,0,1,1,0,0,0,0,9,0,Failed Climb,0,false,false,false,3.0,2.0,cycled well|c then drove around in aimlessly when they ran out of cubes. ,Arman,
59,31 07;55;39,False,Switch,First Auto Cube Failed,None,NULL,0,0,0,0,0,4,1,0,0,Got carried,0,false,false,false,3.0,3.0,,Sean Green,
