Match,Date and Time Of Match,Auto Baseline Group,First Auto Cube Location,First Auto Cube Group,Second Auto Cube Location,Second Auto Cube Group,Auto Cube Pickup,Own Switch Cubes,Own Switch Miss,Scale Cubes,Scale Miss,Other Switch Cubes,Other Switch Miss,Vault Cubes,Vault Miss,Endgame Climb,Robots Carried,Defense,Died,Tipped,Drive Rating,Intake Rating,Endgame Comments,Scout,
3,01 15;38;57,True,Switch,True,Switch,True,2,0,0,5,0,0,0,3,0,Failed Climb,0,false,false,false,3.0,4.0,did one more switch during auto but failed,Not Noah,
9,30 12;11;41,True,Switch,True,None,NULL,0,0,0,5,0,0,0,0,0,Successful Climb,0,false,false,false,3.0,3.0,,spencer,
11,30 12;32;33,True,Switch,True,None,NULL,1,2,0,2,2,0,0,0,0,Successful Climb,1,false,false,true,3.0,2.0,failed a lot of switch drops,Not Noah,
26,30 15;30;57,True,Switch,True,Switch,True,1,4,1,2,0,0,0,0,0,Successful Climb,0,false,false,false,4.0,4.0,Double climb!|n,Noah B,
31,30 16;10;28,True,Scale,First Auto Cube Failed,None,NULL,0,0,0,6,2,0,0,0,0,Successful Climb,0,false,false,false,4.0,4.0,Got 2 climbs with 4343.,Arman,
33,30 16;24;27,True,Switch,True,None,NULL,2,0,0,3,0,0,0,0,0,Did Not Try,0,false,false,false,3.0,4.0,Was defended against pretty well.,Arman,
39,30 14;21;25,True,None,NULL,None,NULL,0,0,0,7,0,0,0,0,0,Successful Climb,0,false,false,false,4.0,4.0,really good teleop but their auto was a bit wobbly,halil,
48,31 06;25;59,True,Switch,True,None,NULL,2,0,0,2,0,3,1,0,0,Successful Climb,0,false,false,false,3.0,3.0,,Eric,
54,31 07;22;18,True,Switch,True,None,NULL,1,0,0,5,0,0,0,2,0,Successful Climb,0,false,false,false,3.0,3.0,,Eric,
56,02 15;04;50,True,Switch,True,Switch,NULL,1,7,0,2,0,0,0,0,0,Successful Climb,0,false,false,false,3.0,4.0,,halil,
60,31 11;04;37,True,Switch,True,Switch,NULL,1,0,0,5,0,5,0,0,0,Successful Climb,0,false,false,false,3.0,3.0,,Arman,
