Match,Date and Time Of Match,Auto Baseline Group,First Auto Cube Location,First Auto Cube Group,Second Auto Cube Location,Second Auto Cube Group,Auto Cube Pickup,Own Switch Cubes,Own Switch Miss,Scale Cubes,Scale Miss,Other Switch Cubes,Other Switch Miss,Vault Cubes,Vault Miss,Endgame Climb,Robots Carried,Defense,Died,Tipped,Drive Rating,Intake Rating,Endgame Comments,Scout,
3,30 08;10;20,False,None,NULL,None,NULL,0,0,0,3,0,0,0,0,0,Did Not Try,0,false,false,false,3.0,3.0,Good and efficient but slow,Sean Green,
6,30 08;48;47,False,None,NULL,None,NULL,0,0,0,0,1,4,1,0,0,Successful Climb,0,false,false,false,3.0,2.0,,Sean Green,
19,30 14;16;24,False,None,NULL,None,NULL,0,0,0,1,0,3,1,0,0,Successful Climb,0,false,false,false,2.0,3.0,Crashed into cubes pile and another robot in autonomous. When the scale mechanism is raised|c the robot becomes wobbly. ,Shawn Song,
24,30 14;56;15,True,Switch,True,None,NULL,0,0,0,0,0,3,0,0,0,Failed Climb,0,false,false,false,2.0,3.0,they used the wrong auto which caused them to score of the wrong side of the switch,halil,
24,30 15;19;12,True,None,NULL,None,NULL,0,0,0,0,0,0,0,0,0,Successful Climb,0,true,false,false,1.0,2.0,I started scouting a bit late and I completely missed auto but I didn't miss much else also I don't know what they did for baseline I just said they crossed just because I'm pretty sure they crossed in the past but not sure if they did this time,halil,40,01 21;57;40,True,None,NULL,None,NULL,0,1,0,2,0,0,0,1,0,Failed Climb,0,false,false,false,2.0,4.0,Very close to tipping at full length,Not Noah,
47,31 09;17;41,True,None,NULL,None,NULL,0,1,0,1,0,1,0,0,0,Successful Climb,0,false,false,false,1.0,3.0,Connectivity issues. Slow but consistent intake. Indecisive and inexperienced drivers could end catastrophically.,Noah B,
51,31 09;57;44,True,None,NULL,None,NULL,0,0,0,3,0,1,0,0,0,Got carried,0,false,false,false,3.0,3.0,Slow lift|c slow robot|c slow scoring.|n|n,Noah B,
57,02 15;12;02,True,None,NULL,None,NULL,0,1,0,0,0,2,0,0,0,Successful Climb,0,false,false,false,3.0,3.0,,halil,
61,31 11;12;54,True,None,NULL,None,NULL,0,0,0,0,0,1,2,0,0,Successful Climb,0,false,false,false,2.0,2.0,,Matthew,
