Match,Date and Time Of Match,Auto Baseline Group,First Auto Cube Location,First Auto Cube Group,Second Auto Cube Location,Second Auto Cube Group,Auto Cube Pickup,Own Switch Cubes,Own Switch Miss,Scale Cubes,Scale Miss,Other Switch Cubes,Other Switch Miss,Vault Cubes,Vault Miss,Endgame Climb,Robots Carried,Defense,Died,Tipped,Drive Rating,Intake Rating,Endgame Comments,Scout,
3,30 08;09;56,True,None,NULL,None,NULL,0,0,0,0,0,0,0,0,0,Did Not Try,0,false,false,true,1.0,2.0,Jesus they're fast!!! Tipped in teleop going backwards.,Noah B,8,30 12;04;34,True,None,NULL,None,NULL,0,0,0,2,0,0,0,0,0,Did Not Try,0,false,false,false,2.0,1.0,,Shawn Song,
12,30 09;39;41,True,None,NULL,None,NULL,0,1,0,2,0,0,0,0,0,Failed Climb,0,false,false,false,1.0,1.0,Not only did they push a cube halfway across the field|c a careless driver scored for the other team. >=(,Noah B,
16,30 14;00;52,True,None,NULL,None,NULL,0,0,0,1,0,0,0,0,0,Successful Climb,0,false,false,false,2.0,1.0,Did nothing for most of match. Crossed auto line in auto.|n,Noah B,
25,30 12;23;39,True,None,NULL,None,NULL,0,0,0,0,0,1,0,0,0,Failed Climb,0,false,false,false,2.0,2.0,Couldn't see match well ,Sean Green,
30,30 16;03;36,True,None,NULL,None,NULL,0,0,0,1,0,0,0,0,0,Successful Climb,0,false,false,false,3.0,2.0,,Matthew,
41,30 17;38;12,True,None,NULL,None,NULL,0,2,0,0,0,0,0,0,0,Did Not Try,0,false,false,false,3.0,3.0,,Matthew,
48,02 13;57;08,True,None,NULL,None,NULL,0,0,0,1,0,0,1,0,0,Failed Climb,0,true,false,false,2.0,2.0,tippy |n,halil,
52,31 07;05;09,True,None,NULL,None,NULL,0,0,0,0,0,0,0,0,0,Did Not Try,0,false,true,false,1.0,1.0,communications error,Not Noah,
60,31 11;05;20,True,None,NULL,None,NULL,0,1,0,1,0,0,0,0,0,Did Not Try,0,false,false,false,2.0,2.0,,halil ,
