Match,Date and Time Of Match,Auto Baseline Group,First Auto Cube Location,First Auto Cube Group,Second Auto Cube Location,Second Auto Cube Group,Auto Cube Pickup,Own Switch Cubes,Own Switch Miss,Scale Cubes,Scale Miss,Other Switch Cubes,Other Switch Miss,Vault Cubes,Vault Miss,Endgame Climb,Robots Carried,Defense,Died,Tipped,Drive Rating,Intake Rating,Endgame Comments,Scout,
1,30 10;53;33,True,None,NULL,None,NULL,0,0,0,0,0,0,0,0,0,Failed Climb,0,false,false,false,1.0,1.0,Moved in erratic|c deliberate|c and short intervals. At the end|c it and another bot were indecisive about who should climb. They both paused for each other and raised their climbing mechanisms before the time ran out. ,Shawn Song,
7,30 11;58;02,False,None,NULL,None,NULL,0,1,0,0,0,0,0,4,0,Successful Climb,0,false,false,false,3.0,3.0,,Matthew,
13,30 12;47;35,True,Switch,First Auto Cube Failed,None,NULL,0,0,0,0,0,0,1,0,0,Successful Climb,0,false,false,false,2.0,1.0,,Not Noah,
21,30 14;34;35,False,None,NULL,None,NULL,0,0,0,0,0,0,0,0,0,Successful Climb,0,false,false,false,2.0,1.0,,halil,
25,30 15;24;11,False,Switch,First Auto Cube Failed,None,NULL,0,0,0,2,0,0,0,0,0,Did Not Try,0,false,false,false,2.0,2.0,The scale mechanism is very slow. ,Shawn Song,
30,30 16;04;23,True,None,NULL,None,NULL,0,0,0,0,0,0,0,0,0,Did Not Try,0,false,false,false,2.0,2.0,,Eric,
33,30 13;25;50,True,None,NULL,None,NULL,0,0,0,1,0,0,0,2,0,Did Not Try,0,false,false,false,2.0,3.0,their scale elevator was very slow also for the first half of the round they wondered aimlessly,halil,
38,30 17;12;26,True,None,NULL,None,NULL,0,0,0,0,0,4,0,0,0,Successful Climb,0,false,false,false,3.0,3.0,,Eric,
46,31 08;57;12,True,None,NULL,None,NULL,0,0,0,0,0,0,0,0,0,Did Not Try,0,false,false,false,2.0,2.0,,Matthew,
53,31 10;12;40,True,None,NULL,None,NULL,0,3,0,0,0,0,0,2,0,Failed Climb,0,false,false,false,2.0,3.0,,Shawn Song,
57,31 10;42;46,False,None,NULL,None,NULL,0,1,0,2,0,0,0,0,0,Successful Climb,0,false,false,false,2.0,2.0,,Arman,
61,31 08;13;34,True,None,NULL,None,NULL,0,0,0,1,2,2,0,0,0,Successful Climb,0,false,false,false,3.0,3.0,,Eric,
