Match,Date and Time Of Match,Auto Baseline Group,First Auto Cube Location,First Auto Cube Group,Second Auto Cube Location,Second Auto Cube Group,Auto Cube Pickup,Own Switch Cubes,Own Switch Miss,Scale Cubes,Scale Miss,Other Switch Cubes,Other Switch Miss,Vault Cubes,Vault Miss,Endgame Climb,Robots Carried,Defense,Died,Tipped,Drive Rating,Intake Rating,Endgame Comments,Scout,
4,30 08;28;19,True,None,NULL,None,NULL,0,0,0,1,0,3,1,0,0,Did Not Try,0,false,false,false,2.0,4.0,Played enemy switch.,Noah B,
6,30 11;48;41,True,Switch,True,None,NULL,0,6,0,0,0,0,0,0,0,Did Not Try,0,false,false,false,4.0,4.0,,spencer,
13,30 09;47;45,True,Switch,First Auto Cube Failed,None,NULL,0,4,0,0,0,1,0,0,0,Did Not Try,0,false,false,false,4.0,4.0,,spencer,
19,01 18;45;10,True,None,True,None,NULL,0,0,0,0,0,3,1,0,0,Did Not Try,0,false,false,false,3.0,3.0,,Sean Green,
27,30 15;40;00,True,Switch,True,None,NULL,0,3,0,0,0,0,0,0,0,Did Not Try,0,false,false,false,4.0,2.0,Struggles with ground intake.,Noah B,
34,30 16;32;49,True,None,NULL,None,NULL,0,4,0,0,0,0,0,0,0,Failed Climb,0,false,false,false,4.0,3.0,,Matthew,
32,30 16;17;24,False,Switch,First Auto Cube Failed,None,NULL,0,2,0,0,0,1,0,0,0,Did Not Try,0,false,false,false,3.0,3.0,,Shawn Song,
42,30 17;44;15,True,None,NULL,None,NULL,0,5,0,0,0,0,0,0,0,Did Not Try,0,false,false,false,4.0,4.0,,Matthew,
45,30 18;11;13,True,None,NULL,None,NULL,0,3,3,0,0,1,0,0,0,Did Not Try,0,false,false,false,3.0,3.0,,Shawn Song,
52,31 10;05;01,True,Switch,True,None,NULL,0,0,0,0,0,5,0,2,0,Did Not Try,0,false,false,false,2.0,3.0,,Arman,
54,31 10;22;19,True,None,NULL,None,NULL,0,0,0,0,0,6,0,2,0,Did Not Try,0,false,false,false,3.0,3.0,,Arman,
59,31 10;55;45,True,None,NULL,None,NULL,0,0,0,0,0,6,1,1,0,Did Not Try,0,false,false,false,4.0,4.0,,Shawn Song,
