Match,Date and Time Of Match,Auto Baseline Group,First Auto Cube Location,First Auto Cube Group,Second Auto Cube Location,Second Auto Cube Group,Auto Cube Pickup,Own Switch Cubes,Own Switch Miss,Scale Cubes,Scale Miss,Other Switch Cubes,Other Switch Miss,Vault Cubes,Vault Miss,Endgame Climb,Robots Carried,Defense,Died,Tipped,Drive Rating,Intake Rating,Endgame Comments,Scout,
2,30 08;00;53,False,None,True,None,NULL,0,2,0,0,0,2,0,0,0,Failed Climb,2,false,false,false,2.0,2.0,OK robot,Sean Green,
8,30 12;04;55,True,None,NULL,None,NULL,0,0,1,0,0,1,0,0,0,Did Not Try,0,true,false,false,1.0,2.0,,Arman,
15,30 13;07;40,False,None,NULL,None,NULL,0,1,0,0,0,4,1,0,0,Failed Climb,1,false,false,false,2.0,1.0,Their multi robot climb is ineffective and dangerous. Taller robots and those with smaller wheels should avoid it.|n,Noah B,
20,30 11;24;48,True,None,NULL,None,NULL,0,4,0,0,0,1,0,0,0,Did Not Try,0,false,false,false,3.0,3.0,,Not Noah,
25,30 15;24;00,True,None,NULL,None,NULL,0,1,0,0,0,1,1,0,0,Failed Climb,2,false,false,false,3.0,3.0,,Arman,
38,01 21;42;29,True,None,NULL,None,NULL,0,0,0,0,0,2,1,0,0,Did Not Try,0,false,false,false,2.0,3.0,blocked a lot for the first half|c tried to boost but teammates didn't make it,Not Noah,
43,30 17;51;41,True,None,NULL,None,NULL,0,5,0,0,0,0,0,5,0,Failed Climb,1,false,false,false,2.0,3.0,,Arman,
51,31 06;57;26,True,Switch,True,None,NULL,0,1,0,0,0,3,1,0,0,Did Not Try,0,false,false,false,3.0,3.0,,Eric,
54,02 14;52;05,True,None,NULL,None,NULL,0,0,0,0,0,4,2,0,0,Did Not Try,0,false,false,false,3.0,3.0,fine intake but they missed so many drops,halil,
