Match,Date and Time Of Match,Auto Baseline Group,First Auto Cube Location,First Auto Cube Group,Second Auto Cube Location,Second Auto Cube Group,Auto Cube Pickup,Own Switch Cubes,Own Switch Miss,Scale Cubes,Scale Miss,Other Switch Cubes,Other Switch Miss,Vault Cubes,Vault Miss,Endgame Climb,Robots Carried,Defense,Died,Tipped,Drive Rating,Intake Rating,Endgame Comments,Scout,
2,01 15;28;33,True,Switch,First Auto Cube Failed,None,NULL,0,0,0,1,0,0,0,0,0,Did Not Try,0,false,false,true,2.0,1.0,tipped around 40 seconds in|c most likely a liability,Not Noah,
10,30 12;25;07,False,None,NULL,None,NULL,0,0,0,0,0,0,0,0,0,Did Not Try,0,false,true,false,1.0,1.0,,Matthew,
12,30 12;39;19,True,None,NULL,None,NULL,0,0,0,1,1,0,0,0,0,Successful Climb,0,false,false,false,3.0,3.0,Climbing mechanism struggled to grab onto the bar. Climbed just at the last second. ,Shawn Song,
20,30 14;24;40,True,None,NULL,None,NULL,0,0,0,0,0,1,0,0,0,Did Not Try,0,false,false,false,2.0,1.0,,Shawn Song,
27,30 15;39;31,True,None,NULL,None,NULL,0,0,0,2,1,0,0,0,0,Successful Climb,0,false,false,false,3.0,3.0,,Arman,
33,30 13;24;13,True,None,NULL,None,NULL,0,0,0,1,0,0,0,6,0,Did Not Try,0,false,false,false,3.0,3.0,,Sean Green,
42,30 14;44;36,True,None,NULL,None,NULL,0,0,0,1,0,0,0,0,0,Failed Climb,0,false,false,false,2.0,1.0,Comms or technical error.,Sean Green,
47,31 09;16;35,False,None,NULL,None,NULL,0,0,0,0,0,1,1,0,0,Failed Climb,0,false,false,false,2.0,2.0,Did nothing in autonomous. ,Shawn Song,
50,31 09;43;50,False,None,NULL,None,NULL,0,2,1,0,0,0,0,3,0,Did Not Try,0,false,false,false,3.0,2.0,Struggled to pick up cubes.,Arman,
58,02 15;18;34,True,None,NULL,None,NULL,0,0,0,1,0,0,0,0,0,Did Not Try,0,false,false,false,2.0,1.0,,Not Noah,
60,31 11;04;24,True,None,NULL,None,NULL,0,1,1,0,0,1,0,0,0,Did Not Try,0,false,false,false,2.0,2.0,,Matthew,
