Match,Date and Time Of Match,Auto Baseline Group,First Auto Cube Location,First Auto Cube Group,Second Auto Cube Location,Second Auto Cube Group,Auto Cube Pickup,Own Switch Cubes,Own Switch Miss,Scale Cubes,Scale Miss,Other Switch Cubes,Other Switch Miss,Vault Cubes,Vault Miss,Endgame Climb,Robots Carried,Defense,Died,Tipped,Drive Rating,Intake Rating,Endgame Comments,Scout,
2,30 11;00;05,True,None,NULL,None,NULL,0,0,0,0,0,0,0,0,0,Did Not Try,0,false,false,false,3.0,2.0,Disabled in tele-op until 75 seconds left. ,Shawn Song,
8,30 12;05;05,True,None,NULL,None,NULL,0,1,0,0,0,0,0,6,0,Did Not Try,0,false,false,false,3.0,3.0,,Matthew,
18,01 18;38;03,True,Switch,First Auto Cube Failed,None,NULL,0,0,0,0,0,0,0,5,0,Did Not Try,0,false,false,false,3.0,2.0,,Sean Green,
26,30 15;39;57,True,Switch,True,None,NULL,0,0,0,0,0,0,0,4,0,Did Not Try,0,false,false,false,3.0,3.0,,Matthew,
34,30 13;33;15,True,Switch,True,None,NULL,0,0,0,0,0,0,0,4,0,Did Not Try,0,false,false,false,3.0,1.0,Intake doesn't work well,Sean Green,
29,30 12;56;31,True,None,NULL,None,NULL,0,1,0,0,0,0,0,6,0,Did Not Try,0,false,false,false,4.0,3.0,,halil,
39,30 17;20;47,True,None,NULL,None,NULL,0,2,1,0,0,0,0,0,0,Did Not Try,0,false,false,false,3.0,3.0,,Eric,
46,31 08;57;42,True,Switch,True,None,NULL,0,0,0,0,0,0,0,0,0,Got carried,0,false,false,false,2.0,2.0,,Sean Green,
49,02 14;06;01,True,Switch,True,None,NULL,0,0,0,0,0,0,0,0,0,Did Not Try,0,false,false,false,4.0,3.0,,halil,
58,31 10;49;13,True,None,NULL,None,NULL,0,1,0,0,0,0,0,5,0,Did Not Try,0,false,false,false,2.0,2.0,,Shawn Song,
