Match,Date and Time Of Match,Auto Baseline Group,First Auto Cube Location,First Auto Cube Group,Second Auto Cube Location,Second Auto Cube Group,Auto Cube Pickup,Own Switch Cubes,Own Switch Miss,Scale Cubes,Scale Miss,Other Switch Cubes,Other Switch Miss,Vault Cubes,Vault Miss,Endgame Climb,Robots Carried,Defense,Died,Tipped,Drive Rating,Intake Rating,Endgame Comments,Scout,
4,30 11;27;32,True,None,NULL,None,NULL,0,0,0,0,0,0,0,2,0,Did Not Try,0,true,false,false,3.0,3.0,,Matthew,
10,30 09;25;24,True,None,NULL,None,NULL,0,0,0,0,0,0,0,4,2,Did Not Try,0,false,false,false,2.0,2.0,,halil,
14,30 10;00;14,True,None,NULL,None,NULL,0,0,0,0,0,0,0,3,1,Did Not Try,0,true,false,false,2.0,3.0,,halil,
21,30 14;34;06,True,None,NULL,None,NULL,0,0,0,0,0,2,1,0,0,Did Not Try,0,false,false,false,1.0,2.0,,Shawn Song,
24,30 11;56;26,True,Switch,True,None,NULL,0,0,0,0,0,0,0,5,1,Did Not Try,0,false,false,false,1.0,1.0,Weak drive team. May be good with training,Ajay,
24,30 12;16;55,True,None,NULL,None,NULL,0,0,0,0,0,0,0,7,1,Did Not Try,0,false,false,false,2.0,2.0,Drive team needs work. ,Ajay,
30,30 16;03;21,True,Switch,True,None,NULL,0,2,0,0,0,0,0,2,0,Did Not Try,0,false,false,false,3.0,3.0,,Arman,
37,30 17;02;18,True,None,NULL,Switch,False,0,0,0,0,0,3,0,0,0,Did Not Try,0,false,false,false,2.0,2.0,,Eric,
39,30 17;21;28,True,Switch,True,None,NULL,0,0,0,0,0,1,0,0,0,Did Not Try,0,false,false,false,4.0,2.0,They did more pushing than holding.|n,Noah B,
48,31 09;26;43,True,Switch,True,None,NULL,0,0,0,0,0,1,0,0,0,Did Not Try,0,false,false,false,2.0,3.0,Gets a lot of cubes. Good vault.,Sean Green,
51,31 06;57;21,True,None,NULL,None,NULL,0,1,0,0,0,4,0,0,0,Did Not Try,0,false,false,false,2.0,3.0,,Not Noah,
52,31 10;35;47,True,None,NULL,None,NULL,0,3,1,0,0,0,0,1,0,Did Not Try,0,false,false,false,2.0,1.0,The intake on this bot just doesn't work.,Noah B,
61,31 11;15;09,True,None,NULL,None,NULL,0,0,0,0,0,0,0,0,0,Did Not Try,0,false,true,false,3.0,3.0,connection issues I think died in front of the vault so know one else could get the power ups on their team,halil ,
