Match,Date and Time Of Match,Auto Baseline Group,First Auto Cube Location,First Auto Cube Group,Second Auto Cube Location,Second Auto Cube Group,Auto Cube Pickup,Own Switch Cubes,Own Switch Miss,Scale Cubes,Scale Miss,Other Switch Cubes,Other Switch Miss,Vault Cubes,Vault Miss,Endgame Climb,Robots Carried,Defense,Died,Tipped,Drive Rating,Intake Rating,Endgame Comments,Scout,
1,30 10;50;57,True,None,NULL,None,NULL,0,0,0,0,0,1,0,0,0,Did Not Try,0,false,false,false,3.0,3.0,,spencer,
8,30 12;04;27,True,None,NULL,None,NULL,0,0,0,0,0,0,0,0,0,Did Not Try,0,false,false,false,3.0,3.0,,spencer,
19,30 11;17;42,True,None,NULL,None,NULL,0,0,0,0,0,2,0,0,0,Did Not Try,0,false,false,false,2.0,1.0,,Eric,
24,01 19;25;21,True,None,NULL,None,NULL,0,1,0,0,0,2,2,0,0,Did Not Try,0,false,false,false,3.0,2.0,,Eric,
24,01 19;46;44,True,None,NULL,None,NULL,0,1,0,0,0,0,1,0,0,Did Not Try,0,true,false,false,2.0,2.0,|n,Eric,
31,30 16;11;09,True,None,NULL,None,NULL,0,2,3,0,0,0,5,0,0,Did Not Try,0,false,false,false,3.0,1.0,Their outtake has a design flaw. Cubes can get stuck on the edge of the belt that they sit on.|n,Noah B,
37,30 17;02;13,True,None,NULL,None,NULL,0,2,0,0,0,0,0,0,0,Did Not Try,0,false,false,false,1.0,2.0,This robot uses a conveyor belt to launch cubes into the switch. It's not very good at doing it effectively. ,Shawn Song,
40,30 14;27;27,True,Switch,True,None,NULL,0,1,0,0,0,1,1,0,0,Did Not Try,0,false,false,false,2.0,1.0,,Sean Green,
48,31 09;28;00,True,None,NULL,None,NULL,0,1,0,0,0,0,0,3,0,Did Not Try,0,false,false,false,2.0,1.0,They cannot intake from the ground. They pushed all their cubes,Noah B,
53,31 10;12;34,True,None,NULL,None,NULL,0,1,0,0,0,1,0,0,0,Did Not Try,0,false,false,false,3.0,3.0,,Matthew,
58,31 10;50;05,True,None,NULL,None,NULL,0,2,0,0,0,1,0,0,0,Did Not Try,0,true,false,false,3.0,3.0,intake is good but outtake took a long time to load out the cube,halil ,
