Match,Date and Time Of Match,Auto Baseline Group,First Auto Cube Location,First Auto Cube Group,Second Auto Cube Location,Second Auto Cube Group,Auto Cube Pickup,Own Switch Cubes,Own Switch Miss,Scale Cubes,Scale Miss,Other Switch Cubes,Other Switch Miss,Vault Cubes,Vault Miss,Endgame Climb,Robots Carried,Defense,Died,Tipped,Drive Rating,Intake Rating,Endgame Comments,Scout,
4,01 15;57;28,True,Switch,True,None,NULL,0,5,0,0,0,2,0,3,0,Did Not Try,0,false,false,false,3.0,3.0,blocked by his teammate unintentionally at a few points,Not Noah,
10,30 12;26;17,False,Switch,True,None,NULL,0,0,0,0,0,3,0,0,0,Did Not Try,0,false,false,false,3.0,4.0,Wobbles whenever it goes fast enough. Greater possibility for tipping. ,Shawn Song,
14,30 09;57;36,True,None,NULL,None,NULL,0,2,0,0,0,0,0,0,0,Did Not Try,0,false,false,false,3.0,3.0,,spencer,
20,30 14;24;19,True,None,NULL,None,NULL,0,3,0,0,0,0,0,3,0,Did Not Try,0,false,false,false,3.0,4.0,,Matthew,
22,30 14;42;11,True,Switch,True,None,NULL,0,5,1,0,0,0,0,0,0,Did Not Try,0,true,false,false,4.0,4.0,,halil,
29,30 15;57;09,True,None,NULL,None,NULL,0,0,0,0,0,4,0,0,0,Did Not Try,0,false,false,false,4.0,4.0,Their intake is lightning fast|c and holds cubes well. Their auto drove them into the pile of cubes|c and nearly tilted them over,Noah B,
38,30 17;12;57,False,Switch,True,None,NULL,0,1,0,0,0,0,0,5,0,Did Not Try,0,false,false,false,3.0,3.0,,Matthew,
42,30 17;44;31,True,Switch,True,None,NULL,0,3,0,0,0,0,0,2,0,Did Not Try,0,false,false,false,1.0,2.0,slow autonomous|c went immobile at 73 seconds and moved again at 15 seconds.,Arman,
46,31 08;57;40,True,Switch,True,None,NULL,0,1,0,0,0,2,0,5,1,Did Not Try,0,false,false,false,4.0,3.0,Tends to fumble cubes. Great vault/switch bot.,Noah B,
50,31 09;43;33,True,Switch,True,None,NULL,0,0,0,0,0,1,0,0,0,Did Not Try,0,false,false,false,3.0,3.0,,Matthew,
62,31 11;20;19,True,Switch,True,None,NULL,0,0,0,0,0,2,0,0,0,Did Not Try,0,false,false,false,4.0,4.0,,halil ,
