Match,Date and Time Of Match,Auto Baseline Group,First Auto Cube Location,First Auto Cube Group,Second Auto Cube Location,Second Auto Cube Group,Auto Cube Pickup,Own Switch Cubes,Own Switch Miss,Scale Cubes,Scale Miss,Other Switch Cubes,Other Switch Miss,Vault Cubes,Vault Miss,Endgame Climb,Robots Carried,Defense,Died,Tipped,Drive Rating,Intake Rating,Endgame Comments,Scout,
5,30 08;40;46,True,None,NULL,None,NULL,0,1,0,0,0,0,0,2,0,Did Not Try,0,false,false,false,1.0,1.0,Terrible auto|c shoddy intake|c failed to get carried.,Noah B,
7,30 11;57;35,True,None,NULL,None,NULL,0,0,0,0,0,0,0,0,0,Did Not Try,0,false,false,false,4.0,2.0,,Arman,
14,30 12;58;03,True,None,NULL,None,NULL,0,0,0,0,0,1,0,0,0,Did Not Try,0,false,false,false,1.0,2.0,,Not Noah,
19,30 11;16;19,True,None,NULL,None,NULL,0,0,0,0,0,1,0,0,0,Did Not Try,0,false,false,false,3.0,1.0,intake was having issues|c could be fixed in the future but not very good at present,Not Noah,
23,30 14;49;06,True,None,NULL,None,NULL,0,0,0,0,0,2,1,0,0,Did Not Try,0,false,false,false,2.0,1.0,,halil,
31,30 16;10;07,True,None,NULL,None,NULL,0,0,0,1,0,0,1,0,0,Did Not Try,0,false,false,false,3.0,3.0,,Matthew,
34,30 16;32;50,True,None,NULL,None,NULL,0,0,0,0,0,1,0,0,0,Failed Climb,0,false,false,false,2.0,1.0,Almost tipped about 10 times. ,Shawn Song,
41,30 17;37;22,True,None,NULL,None,NULL,0,1,0,0,0,0,0,5,0,Did Not Try,0,false,false,false,2.0,2.0,often could not lift cubes|c usually pushed cubes infront of it.,Arman,
45,30 18;12;00,True,None,NULL,None,NULL,0,2,3,0,0,0,0,0,0,Did Not Try,0,false,false,false,3.0,1.0,Cannot take cubes at an angle. Cannot outtake consistently. Barely clears switch wall.,Noah B,
50,31 06;44;04,True,None,NULL,None,NULL,0,0,0,0,0,0,0,0,0,Did Not Try,0,false,false,false,2.0,1.0,just pushed cubes in front of scale for teammates. intake is bad|n,Eric,
56,31 10;35;14,True,None,NULL,None,NULL,0,1,0,0,0,0,0,5,1,Did Not Try,0,false,false,false,2.0,3.0,,Shawn Song,
60,31 08;04;27,True,None,NULL,None,NULL,0,0,0,0,0,0,0,6,0,Did Not Try,0,false,false,false,3.0,2.0,,Eric,
