Match,Date and Time Of Match,Auto Baseline Group,First Auto Cube Location,First Auto Cube Group,Second Auto Cube Location,Second Auto Cube Group,Auto Cube Pickup,Own Switch Cubes,Own Switch Miss,Scale Cubes,Scale Miss,Other Switch Cubes,Other Switch Miss,Vault Cubes,Vault Miss,Endgame Climb,Robots Carried,Defense,Died,Tipped,Drive Rating,Intake Rating,Endgame Comments,Scout,
5,30 08;39;39,True,None,True,None,True,0,0,0,0,0,0,0,0,0,Did Not Try,0,false,false,false,1.0,1.0,Not a good robot.,Sean Green,
8,30 09;05;52,True,None,NULL,None,NULL,0,0,0,0,0,0,0,0,0,Did Not Try,0,false,false,false,3.0,2.0,They drove into a wall in autonomous. Then they drove around aimlessly.,Noah B,15,01 17;36;19,True,None,NULL,None,NULL,0,0,0,0,0,0,0,0,0,Got carried,0,true,false,false,3.0,1.0,Broken intake|c played defense,Sean Green,18,30 14;08;43,True,None,NULL,None,NULL,0,0,0,0,0,0,0,0,0,Did Not Try,0,true,false,false,4.0,1.0,,Arman,
22,30 14;44;41,True,None,NULL,None,NULL,0,0,0,0,0,0,0,1,0,Did Not Try,0,false,false,false,2.0,1.0,Intake broke and would not open. All cubes were pushed.,Noah B,
27,30 12;39;47,True,None,NULL,None,NULL,0,0,0,0,0,0,0,0,0,Did Not Try,0,true,false,false,3.0,1.0,,Sean Green,
37,30 14;01;47,True,None,NULL,None,NULL,0,0,0,0,0,0,0,3,0,Did Not Try,0,false,false,false,3.0,1.0,Broken intake doesn't work,Sean Green,
42,30 17;46;13,True,None,NULL,None,NULL,0,0,0,0,0,0,0,0,0,Did Not Try,0,false,false,false,1.0,1.0,Movement very slow. ,Shawn Song,
45,30 15;11;21,True,None,NULL,None,NULL,0,0,0,0,0,0,0,2,0,Did Not Try,0,false,false,false,2.0,1.0,Intake broken,Sean Green,
51,31 09;57;22,True,None,NULL,None,NULL,0,0,0,0,0,0,0,0,0,Did Not Try,0,false,false,false,3.0,1.0,,Matthew,
57,31 07;42;49,True,None,NULL,None,NULL,0,0,0,0,0,0,0,0,0,Did Not Try,0,false,false,false,2.0,1.0,Intake broke mid match,Sean Green,
