Match,Date and Time Of Match,Auto Baseline Group,First Auto Cube Location,First Auto Cube Group,Second Auto Cube Location,Second Auto Cube Group,Auto Cube Pickup,Own Switch Cubes,Own Switch Miss,Scale Cubes,Scale Miss,Other Switch Cubes,Other Switch Miss,Vault Cubes,Vault Miss,Endgame Climb,Robots Carried,Defense,Died,Tipped,Drive Rating,Intake Rating,Endgame Comments,Scout,
3,30 11;09;43,True,Scale,First Auto Cube Failed,None,NULL,0,0,0,3,0,0,0,0,0,Did Not Try,0,false,false,false,3.0,2.0,,Matthew,
7,01 16;26;48,True,Switch,First Auto Cube Failed,None,NULL,0,0,1,2,2,0,0,0,0,Failed Climb,0,false,false,false,1.0,1.0,extremely unreliable|c arm mechanism seems quite fragile ,Not Noah,
18,30 14;08;36,False,Switch,True,None,NULL,0,0,0,2,2,1,0,0,0,Failed Climb,0,false,false,false,3.0,3.0,,Shawn Song,
24,30 11;55;20,True,Scale,True,None,NULL,0,0,0,1,2,1,0,0,0,Did Not Try,0,false,false,false,3.0,2.0,,Not Noah,
22,30 15;16;53,False,Switch,True,None,NULL,0,0,0,1,1,3,1,0,0,Did Not Try,0,false,false,false,3.0,2.0,,Shawn Song,
36,30 16;54;00,True,Switch,True,None,NULL,0,4,0,0,0,0,0,0,0,Successful Climb,0,false,false,false,3.0,1.0,Intake is barely functional if cube is not intook straight on. Is also made of paper. or something of similar flexibility. Is also top heavy,Noah B,
30,01 20;32;36,True,Switch,True,None,NULL,0,1,0,3,0,0,0,0,0,Failed Climb,0,false,false,false,2.0,1.0,,Not Noah,
42,01 22;13;54,True,Scale,True,None,NULL,0,0,0,1,1,1,0,0,0,Successful Climb,0,false,false,false,2.0,1.0,failed at picking up constantly. climbed not bad,Ajay44,30 18;05;45,True,Scale,True,None,NULL,0,0,0,2,2,0,0,0,0,Successful Climb,0,false,false,false,3.0,1.0,Intake is only effective if the cube is against a nonmoving wall. Great climb though. potential for multi robot climb,Noah B,
54,31 07;22;15,True,Switch,True,None,NULL,0,3,0,0,0,2,0,0,0,Failed Climb,0,false,false,false,3.0,2.0,,Sean Green,
59,31 07;55;38,True,Scale,First Auto Cube Failed,None,NULL,0,0,0,2,0,0,0,0,0,Successful Climb,0,false,false,false,3.0,2.0,,Eric,
62,31 11;20;48,True,Scale,True,None,NULL,0,0,0,0,0,5,2,0,1,Did Not Try,0,false,false,false,4.0,3.0,,Shawn Song,
