Match,Date and Time Of Match,Auto Baseline Group,First Auto Cube Location,First Auto Cube Group,Second Auto Cube Location,Second Auto Cube Group,Auto Cube Pickup,Own Switch Cubes,Own Switch Miss,Scale Cubes,Scale Miss,Other Switch Cubes,Other Switch Miss,Vault Cubes,Vault Miss,Endgame Climb,Robots Carried,Defense,Died,Tipped,Drive Rating,Intake Rating,Endgame Comments,Scout,
4,30 11;27;35,True,None,NULL,None,NULL,0,0,0,0,0,4,1,0,0,Did Not Try,0,false,false,false,3.0,3.0,,spencer,
7,30 11;57;47,True,None,NULL,None,NULL,0,0,0,0,0,0,0,0,0,Did Not Try,0,false,false,false,1.0,1.0,Intake mechanism was so loose that it tried to just push cubes into the vault with its claws. ,Shawn Song,
12,01 17;08;20,True,Switch,First Auto Cube Failed,None,NULL,0,0,0,0,0,0,0,3,0,Did Not Try,0,false,false,false,2.0,1.0,Not too good,Sean Green,
22,30 14;41;32,True,None,NULL,None,NULL,0,1,2,0,0,0,0,0,0,Did Not Try,0,false,false,false,2.0,1.0,,Matthew,
25,30 15;23;46,True,None,NULL,None,NULL,0,0,0,0,0,1,0,0,0,Did Not Try,0,false,false,false,2.0,1.0,,halil,
29,30 15;55;06,True,None,NULL,None,NULL,0,0,0,0,0,0,0,0,0,Did Not Try,0,true,false,false,3.0,1.0,Cube fell out in autonomous. Intake ability unknown. ,Shawn Song,33,30 16;24;42,False,None,NULL,None,NULL,0,0,0,0,0,0,0,0,0,Did Not Try,0,true,false,false,2.0,1.0,no intake just drove and defended,Eric,40,30 17;28;01,True,None,NULL,None,NULL,0,0,0,0,0,0,0,0,0,Did Not Try,0,true,false,false,3.0,1.0,Hard defense|c mostly against 4519.,Arman,40,30 17;27;33,True,None,NULL,None,NULL,0,0,0,0,0,0,0,0,0,Did Not Try,0,false,false,false,3.0,1.0,Noticed pneumatic tubes flailiing around. Mechanisms under repair?,Matthew,44,30 15;04;21,False,None,NULL,None,NULL,0,0,0,0,0,0,0,0,0,Did Not Try,0,true,false,false,3.0,1.0,Defence round|c no intake,Sean Green,
52,31 07;05;34,False,None,NULL,None,NULL,0,0,0,0,0,0,0,5,0,Did Not Try,0,false,false,false,3.0,3.0,,Eric,
58,31 07;49;31,True,None,NULL,None,NULL,0,4,5,0,0,0,0,0,0,Did Not Try,0,false,false,false,3.0,2.0,,Eric,
