Match,Date and Time Of Match,Auto Baseline Group,First Auto Cube Location,First Auto Cube Group,Second Auto Cube Location,Second Auto Cube Group,Auto Cube Pickup,Own Switch Cubes,Own Switch Miss,Scale Cubes,Scale Miss,Other Switch Cubes,Other Switch Miss,Vault Cubes,Vault Miss,Endgame Climb,Robots Carried,Defense,Died,Tipped,Drive Rating,Intake Rating,Endgame Comments,Scout,
2,30 11;00;27,True,Switch,True,None,NULL,0,2,0,0,0,1,0,0,0,Failed Climb,0,false,false,false,3.0,3.0,,spencer,
6,01 16;18;55,True,Switch,True,None,NULL,0,2,0,0,0,3,0,6,0,Did Not Try,0,false,false,false,3.0,3.0,,Not Noah,
22,30 14;42;07,False,Switch,True,None,NULL,0,0,0,0,0,0,0,0,0,Did Not Try,0,false,false,false,3.0,2.0,Had a little difficulty scoring into the vault at times. ,Shawn Song,
32,01 20;46;47,True,Switch,True,None,NULL,0,2,0,0,0,0,0,9,0,Did Not Try,0,true,false,false,4.0,4.0,Very good switch robot,Not Noah
38,30 17;13;25,True,Switch,First Auto Cube Failed,None,NULL,0,0,0,0,0,2,0,0,0,Did Not Try,0,false,false,false,3.0,3.0,Intake is a little slow. Outtake has dead space where cube can get stuck.|n,Noah B,
47,31 09;16;50,True,Switch,True,None,False,0,1,1,0,0,0,0,8,0,Did Not Try,0,false,false,false,3.0,4.0,,Arman,
52,02 14;35;23,True,Switch,True,None,False,0,0,0,0,0,0,0,0,0,Did Not Try,0,false,false,false,4.0,3.0,they tried Togo for switch but their switch outtake didn't look like it was working well,halil,
59,31 10;55;56,True,Switch,First Auto Cube Failed,None,NULL,0,4,1,0,0,0,0,5,0,Did Not Try,0,false,false,false,3.0,4.0,This is a great potential vault scale bot|n,Noah B,
