Match,Date and Time Of Match,Auto Baseline Group,First Auto Cube Location,First Auto Cube Group,Second Auto Cube Location,Second Auto Cube Group,Auto Cube Pickup,Own Switch Cubes,Own Switch Miss,Scale Cubes,Scale Miss,Other Switch Cubes,Other Switch Miss,Vault Cubes,Vault Miss,Endgame Climb,Robots Carried,Defense,Died,Tipped,Drive Rating,Intake Rating,Endgame Comments,Scout,
5,01 16;09;34,True,None,NULL,None,NULL,0,0,0,0,0,0,0,0,0,Did Not Try,0,false,true,false,1.0,1.0,seemed to be having communication problems ,Not Noah,
11,30 12;31;35,True,None,NULL,None,NULL,0,0,0,0,0,0,0,0,0,Did Not Try,0,false,false,false,1.0,1.0,Never picked up cube|c pushed it on the ground infront of it slowly.,Arman,
21,30 14;36;24,True,None,NULL,None,NULL,0,0,0,0,0,0,0,0,0,Did Not Try,0,true,false,false,2.0,1.0,Ramp system designed for 2 climbs is too thick. and steep. ,Noah B,
27,30 15;40;25,True,None,NULL,None,NULL,0,0,0,0,0,0,0,0,0,Did Not Try,0,true,false,false,3.0,1.0,Intake ability unknown. ,Shawn Song,
27,01 20;08;41,True,None,NULL,None,NULL,0,0,0,0,0,0,0,0,0,Did Not Try,0,true,false,false,4.0,1.0,defence was very good,Not Noah,
33,30 16;23;45,False,None,NULL,None,NULL,0,0,0,0,0,0,0,0,0,Did Not Try,0,true,false,true,2.0,1.0,Tried to defend but mostly stayed in one spot away from opposing robots. Intake ability unknown. ,Shawn Song,
30,30 13;04;28,False,None,NULL,None,NULL,0,1,0,0,0,0,0,0,0,Did Not Try,0,false,false,false,1.0,1.0,they pretty much did nothing I think,halil,
39,01 21;49;18,True,None,NULL,None,NULL,0,0,0,0,0,0,0,0,0,Did Not Try,0,true,false,false,4.0,1.0,,Not Noah,
