Robot Number,Match,Date and Time Of Match,Auto Baseline Group,First Auto Cube Location,First Auto Cube Group,Second Auto Cube Location,Second Auto Cube Group,Third Auto Cube Location,Third Auto Cube Group,Auto Cube Pickup,Own Switch Cubes,Own Switch Miss,Scale Cubes,Scale Miss,Other Switch Cubes,Other Switch Miss,Vault Cubes,Vault Miss,Endgame Climb,Robots Carried,Defense,Died,Tipped,Drive Rating,Intake Rating,,,,,,,,,,,,,,,,,,,,,,,,,,,,
1114,6,12 12 03 56,True,None,NULL,None,NULL,None,NULL,0,0,0,6,1,0,0,0,0,Failed Climb,0,false,false,false,2,4,,,,,,,,,,,,,,,,,,,,,,,,,,,,
1114,14,12 11 19 48,True,Scale,True,Scale,True,Scale,False,2,0,0,7,2,0,0,0,0,Successful Climb,0,false,false,false,3,4,,,,,,,,,,,,,,,,,,,,,,,,,,,,
1114,20,12 15 12 18,True,Scale,True,Scale,True,Scale,True,2,0,0,4,0,3,0,0,0,Successful Climb,0,false,false,false,4,3,,,,,,,,,,,,,,,,,,,,,,,,,,,,
1114,24,12 15 57 27,True,Scale,True,Scale,True,Scale,True,2,2,0,6,0,0,0,1,0,Successful Climb,0,false,false,false,4,2,,,,,,,,,,,,,,,,,,,,,,,,,,,,
1114,35,12 17 47 00,True,Switch,True,None,False,None,NULL,0,0,0,0,0,7,2,4,0,Successful Climb,0,false,false,false,4,4,,,,,,,,,,,,,,,,,,,,,,,,,,,,
1114,42,13 09 59 34,True,Switch,True,Switch,True,None,NULL,0,1,0,8,1,0,0,1,0,Failed Climb,0,false,false,false,3,3,,,,,,,,,,,,,,,,,,,,,,,,,,,,
1114,46,13 10 47 47,True,Scale,True,Scale,True,None,NULL,2,5,1,2,0,0,0,0,0,Successful Climb,0,false,false,false,4,4,,,,,,,,,,,,,,,,,,,,,,,,,,,,
1114,59,13 12 44 35,True,Scale,True,Scale,True,None,NULL,0,2,0,6,0,0,0,0,0,Successful Climb,0,false,false,false,4,4,,,,,,,,,,,,,,,,,,,,,,,,,,,,
1114,59,13 12 44 38,True,Scale,True,Scale,True,None,NULL,0,0,0,7,0,0,0,0,0,Successful Climb,0,false,false,false,3,3,,,,,,,,,,,,,,,,,,,,,,,,,,,,
1114,63,13 14 33 05,True,Scale,True,Scale,True,Scale,True,2,5,0,5,0,0,0,0,0,Successful Climb,0,false,false,false,4,4,,,,,,,,,,,,,,,,,,,,,,,,,,,,
1114,67,13 15 10 27,True,Scale,True,Scale,True,Vault,NULL,0,2,0,6,0,0,0,0,0,Successful Climb,0,false,false,false,4,4,,,,,,,,,,,,,,,,,,,,,,,,,,,,
1241,1,12 08 13 03,True,Switch,True,None,NULL,None,NULL,1,1,0,2,0,0,0,4,0,Successful Climb,0,false,false,false,4,4,,,,,,,,,,,,,,,,,,,,,,,,,,,,
1241,9,12 09 33 44,True,Scale,True,None,NULL,None,NULL,1,1,0,7,0,0,0,0,0,Successful Climb,0,false,false,false,3,4,,,,,,,,,,,,,,,,,,,,,,,,,,,,
1241,17,12 11 45 42,True,Scale,True,None,NULL,None,NULL,1,0,0,6,1,2,0,0,0,Successful Climb,0,false,false,false,4,4,,,,,,,,,,,,,,,,,,,,,,,,,,,,
1241,24,12 15 55 36,True,Scale,True,Scale,True,None,NULL,1,0,0,6,1,0,0,0,0,Successful Climb,0,false,false,false,4,3,,,,,,,,,,,,,,,,,,,,,,,,,,,,
1241,36,12 14 56 06,True,Switch,True,None,NULL,None,NULL,0,4,0,5,0,0,0,0,0,Failed Climb,0,false,false,false,4,4,,,,,,,,,,,,,,,,,,,,,,,,,,,,
1241,32,12 17 18 36,True,Scale,True,None,NULL,None,False,1,4,0,0,0,0,0,0,0,Successful Climb,0,false,false,false,4,4,,,,,,,,,,,,,,,,,,,,,,,,,,,,
1241,41,13 09 51 13,True,Scale,True,Scale,True,None,NULL,2,1,0,4,1,0,0,5,0,Successful Climb,0,false,false,false,4,4,,,,,,,,,,,,,,,,,,,,,,,,,,,,
1241,58,13 12 35 03,True,Scale,False,None,NULL,None,NULL,0,0,0,4,0,4,0,0,0,Successful Climb,0,false,false,false,4,3,,,,,,,,,,,,,,,,,,,,,,,,,,,,
1241,61,13 14 13 03,True,Scale,True,None,NULL,None,NULL,1,0,0,1,0,6,0,0,0,Successful Climb,0,false,false,false,4,4,,,,,,,,,,,,,,,,,,,,,,,,,,,,
1241,71,13 15 44 12,True,Switch,True,Switch,True,None,NULL,0,0,1,6,1,0,0,0,0,Got carried,0,false,false,false,4,4,,,,,,,,,,,,,,,,,,,,,,,,,,,,
1246,6,12 12 05 09,True,None,NULL,None,NULL,None,NULL,0,1,0,1,2,0,0,0,0,Successful Climb,0,false,false,false,4,1,,,,,,,,,,,,,,,,,,,,,,,,,,,,
1246,12,12 13 02 27,True,Switch,True,None,NULL,None,NULL,0,0,0,1,2,0,0,0,0,Successful Climb,0,false,false,false,1,1,,,,,,,,,,,,,,,,,,,,,,,,,,,,
1246,15,12 11 28 34,True,Switch,True,None,NULL,None,NULL,0,0,0,2,0,0,0,0,0,Did Not Try,0,false,false,false,2,3,,,,,,,,,,,,,,,,,,,,,,,,,,,,
1246,22,12 15 35 36,True,None,NULL,None,NULL,None,NULL,0,0,0,1,0,0,0,0,0,Did Not Try,0,false,true,false,2,2,,,,,,,,,,,,,,,,,,,,,,,,,,,,
1246,29,12 16 51 17,True,Switch,True,None,NULL,None,NULL,0,0,0,0,1,1,0,0,0,Successful Climb,0,false,false,false,1,1,,,,,,,,,,,,,,,,,,,,,,,,,,,,
1246,40,13 09 43 08,True,Switch,False,None,NULL,None,NULL,0,0,0,0,0,2,1,0,0,Successful Climb,0,true,false,false,2,2,,,,,,,,,,,,,,,,,,,,,,,,,,,,
1246,44,13 10 19 32,True,None,NULL,None,NULL,None,NULL,0,0,0,1,1,0,0,1,1,Did Not Try,0,false,false,false,2,2,,,,,,,,,,,,,,,,,,,,,,,,,,,,
1246,50,13 11 16 20,True,Switch,True,None,NULL,None,NULL,0,0,0,0,0,0,0,8,1,Successful Climb,0,false,false,false,3,4,,,,,,,,,,,,,,,,,,,,,,,,,,,,
1246,55,13 12 06 23,True,None,NULL,None,NULL,None,NULL,0,0,0,2,0,1,0,0,0,Successful Climb,0,true,false,false,3,4,,,,,,,,,,,,,,,,,,,,,,,,,,,,
1246,63,13 14 32 43,True,None,NULL,None,False,None,False,0,0,0,0,0,0,0,0,0,Successful Climb,1,false,false,false,3,2,,,,,,,,,,,,,,,,,,,,,,,,,,,,
1246,71,13 15 46 14,True,None,NULL,None,NULL,None,NULL,0,0,0,0,0,0,0,0,0,Did Not Try,0,false,false,false,3,4,,,,,,,,,,,,,,,,,,,,,,,,,,,,
1310,3,12 11 29 57,True,Scale,False,None,NULL,None,NULL,0,0,0,0,0,8,0,0,0,Did Not Try,0,false,false,false,4,4,,,,,,,,,,,,,,,,,,,,,,,,,,,,
1310,8,12 09 24 56,True,Switch,True,None,True,None,NULL,0,0,0,7,2,0,0,0,0,Did Not Try,0,false,false,false,3,3,,,,,,,,,,,,,,,,,,,,,,,,,,,,
1310,20,12 15 12 53,True,Switch,True,None,NULL,None,NULL,0,6,0,0,0,0,0,0,0,Did Not Try,0,false,false,false,4,3,,,,,,,,,,,,,,,,,,,,,,,,,,,,
1310,29,12 13 50 48,True,Scale,True,None,NULL,None,NULL,0,0,0,3,0,0,0,0,0,Did Not Try,0,false,false,false,3,3,,,,,,,,,,,,,,,,,,,,,,,,,,,,
1310,23,12 15 43 32,True,Switch,True,None,NULL,None,NULL,0,0,0,6,1,0,0,0,0,Did Not Try,0,false,false,false,4,3,,,,,,,,,,,,,,,,,,,,,,,,,,,,
1310,37,13 06 14 14,True,Scale,True,Scale,False,None,NULL,0,3,0,1,1,0,0,0,0,Did Not Try,0,false,false,false,3,2,,,,,,,,,,,,,,,,,,,,,,,,,,,,
1310,56,13 12 16 29,True,Scale,True,None,NULL,None,NULL,0,0,0,4,1,0,0,0,0,Did Not Try,0,false,false,false,4,3,,,,,,,,,,,,,,,,,,,,,,,,,,,,
1310,47,13 10 46 53,True,None,NULL,None,NULL,None,NULL,0,0,0,0,0,5,1,0,0,Did Not Try,0,false,false,false,3,2,,,,,,,,,,,,,,,,,,,,,,,,,,,,
1310,53,13 08 48 35,True,Switch,True,None,NULL,None,NULL,1,8,0,0,0,0,0,0,0,Did Not Try,0,true,false,false,3,4,,,,,,,,,,,,,,,,,,,,,,,,,,,,
1310,66,13 12 00 38,True,None,NULL,None,NULL,None,NULL,0,0,0,2,0,0,0,0,0,Did Not Try,0,false,true,false,2,2,,,,,,,,,,,,,,,,,,,,,,,,,,,,
1310,76,13 16 35 39,True,None,NULL,None,NULL,None,NULL,0,5,0,0,0,0,0,0,0,Did Not Try,0,false,false,false,2,2,,,,,,,,,,,,,,,,,,,,,,,,,,,,
1360,13,12 11 11 33,True,Switch,True,Switch,True,Switch,True,1,1,0,2,2,0,0,0,0,Successful Climb,0,false,false,false,3,4,,,,,,,,,,,,,,,,,,,,,,,,,,,,
1360,6,12 12 02 54,True,Switch,True,None,NULL,None,NULL,0,0,1,2,0,0,0,1,0,Failed Climb,0,false,false,false,3,3,,,,,,,,,,,,,,,,,,,,,,,,,,,,
1360,17,12 14 43 27,True,Switch,True,Switch,True,None,NULL,0,0,0,1,0,0,0,8,0,Successful Climb,0,false,false,false,4,4,,,,,,,,,,,,,,,,,,,,,,,,,,,,
1360,25,12 16 05 12,True,Switch,False,None,NULL,None,NULL,0,0,0,7,3,0,0,0,0,Failed Climb,0,true,false,false,3,4,,,,,,,,,,,,,,,,,,,,,,,,,,,,
1360,28,12 16 39 47,True,Switch,True,Switch,True,Switch,False,2,1,0,4,1,0,0,0,0,Successful Climb,0,false,false,false,4,4,,,,,,,,,,,,,,,,,,,,,,,,,,,,
1360,37,13 09 14 16,True,Scale,True,None,NULL,None,NULL,0,0,0,2,0,3,0,0,0,Successful Climb,0,false,false,false,4,4,,,,,,,,,,,,,,,,,,,,,,,,,,,,
1360,43,13 10 08 26,True,Switch,True,Switch,True,None,NULL,1,0,0,2,1,0,0,9,0,Did Not Try,0,false,false,false,4,4,,,,,,,,,,,,,,,,,,,,,,,,,,,,
1360,49,13 11 05 35,True,None,NULL,None,NULL,None,NULL,0,0,0,4,0,1,0,0,0,Successful Climb,0,false,false,false,3,3,,,,,,,,,,,,,,,,,,,,,,,,,,,,
1360,57,13 09 26 16,True,Scale,True,None,NULL,None,NULL,0,5,0,5,0,0,0,0,0,Successful Climb,0,false,false,false,3,4,,,,,,,,,,,,,,,,,,,,,,,,,,,,
1360,63,13 11 33 29,True,Switch,True,Switch,True,None,NULL,0,0,0,6,1,0,0,0,0,Successful Climb,0,false,false,false,3,3,,,,,,,,,,,,,,,,,,,,,,,,,,,,
1360,68,13 12 27 55,True,Switch,True,Switch,True,None,NULL,1,0,0,7,2,0,0,0,0,Successful Climb,0,false,false,false,4,4,,,,,,,,,,,,,,,,,,,,,,,,,,,,
1360,76,13 16 33 16,True,Switch,True,Switch,True,Switch,True,2,0,0,8,1,0,0,0,0,Successful Climb,0,false,false,false,4,4,,,,,,,,,,,,,,,,,,,,,,,,,,,,
2609,2,12 11 21 31,True,None,False,None,NULL,None,NULL,0,0,0,0,0,1,0,0,0,Did Not Try,0,false,false,false,2,4,,,,,,,,,,,,,,,,,,,,,,,,,,,,
2609,11,12 11 51 57,True,Switch,True,Switch,True,None,NULL,1,7,1,0,0,0,0,0,0,Did Not Try,0,false,true,false,3,3,,,,,,,,,,,,,,,,,,,,,,,,,,,,
2609,14,12 14 19 40,True,Switch,True,Switch,True,None,NULL,1,1,0,0,0,0,0,0,0,Did Not Try,0,false,false,false,1,4,,,,,,,,,,,,,,,,,,,,,,,,,,,,
2609,22,12 15 35 05,True,Switch,True,Switch,True,None,NULL,1,0,0,0,0,2,0,0,0,Did Not Try,0,false,false,false,3,4,,,,,,,,,,,,,,,,,,,,,,,,,,,,
2609,31,12 17 09 27,True,Switch,True,Switch,True,None,NULL,1,4,0,0,0,0,0,4,0,Did Not Try,0,false,false,false,4,4,,,,,,,,,,,,,,,,,,,,,,,,,,,,
2609,37,13 09 14 41,True,Switch,True,Switch,True,None,NULL,1,2,1,0,0,1,0,0,0,Did Not Try,0,false,false,false,3,3,,,,,,,,,,,,,,,,,,,,,,,,,,,,
2609,45,13 10 30 11,True,None,NULL,None,NULL,None,NULL,0,2,0,0,0,0,0,6,0,Did Not Try,0,false,false,false,2,3,,,,,,,,,,,,,,,,,,,,,,,,,,,,
2609,61,13 11 12 29,True,Switch,True,Switch,True,None,NULL,1,5,0,0,0,0,0,0,0,Did Not Try,0,false,false,false,2,3,,,,,,,,,,,,,,,,,,,,,,,,,,,,
2609,58,13 12 34 48,True,Switch,True,Switch,True,None,NULL,1,2,1,0,0,0,0,7,0,Did Not Try,0,false,false,false,3,4,,,,,,,,,,,,,,,,,,,,,,,,,,,,
2609,77,13 13 44 27,True,Switch,True,None,NULL,None,NULL,1,3,0,0,0,1,0,0,0,Did Not Try,0,false,false,false,3,2,,,,,,,,,,,,,,,,,,,,,,,,,,,,
2609,74,13 16 13 27,False,None,NULL,None,NULL,None,NULL,0,0,0,0,0,4,0,0,0,Did Not Try,0,false,false,false,3,3,,,,,,,,,,,,,,,,,,,,,,,,,,,,
2634,5,12 11 52 15,True,Switch,False,None,NULL,None,NULL,0,2,1,2,1,0,0,0,0,Did Not Try,0,false,false,false,1,1,,,,,,,,,,,,,,,,,,,,,,,,,,,,
2634,10,12 09 42 31,True,Scale,False,None,NULL,None,NULL,0,4,0,0,0,0,0,0,0,Did Not Try,0,false,false,false,2,2,,,,,,,,,,,,,,,,,,,,,,,,,,,,
2634,15,12 14 28 13,True,Switch,False,None,NULL,None,NULL,0,1,0,2,1,0,0,0,0,Successful Climb,0,false,false,false,2,1,,,,,,,,,,,,,,,,,,,,,,,,,,,,
2634,22,12 15 36 17,True,Scale,False,None,NULL,None,NULL,0,0,0,2,1,0,0,6,0,Did Not Try,0,false,false,false,3,1,,,,,,,,,,,,,,,,,,,,,,,,,,,,
2634,36,12 17 56 07,True,Scale,True,None,True,None,True,0,0,0,1,0,4,0,0,0,Did Not Try,0,false,false,false,3,3,,,,,,,,,,,,,,,,,,,,,,,,,,,,
2634,46,13 07 38 39,True,Scale,False,None,NULL,None,NULL,0,3,0,3,1,0,0,0,0,Got carried,0,false,false,false,2,2,,,,,,,,,,,,,,,,,,,,,,,,,,,,
2634,57,13 12 25 43,True,None,NULL,None,NULL,None,NULL,0,3,1,0,0,0,0,0,0,Did Not Try,0,false,false,false,2,2,,,,,,,,,,,,,,,,,,,,,,,,,,,,
2634,62,13 14 44 05,False,Switch,False,None,NULL,None,NULL,0,0,0,0,0,4,2,0,0,Did Not Try,0,false,false,false,1,2,,,,,,,,,,,,,,,,,,,,,,,,,,,,
2634,52,13 11 40 22,True,None,NULL,None,NULL,None,NULL,0,1,0,0,0,0,0,9,2,Did Not Try,0,false,false,false,3,3,,,,,,,,,,,,,,,,,,,,,,,,,,,,
2634,70,13 15 36 40,True,Scale,False,None,NULL,None,NULL,0,2,0,4,0,0,0,0,0,Did Not Try,0,false,false,false,3,3,,,,,,,,,,,,,,,,,,,,,,,,,,,,
2634,76,13 13 35 33,True,Switch,False,None,NULL,None,NULL,0,0,0,2,2,1,2,0,0,Did Not Try,0,false,false,false,2,2,,,,,,,,,,,,,,,,,,,,,,,,,,,,
2708,6,12 09 04 23,True,None,NULL,None,NULL,None,NULL,0,0,0,5,1,0,0,0,0,Did Not Try,0,false,false,false,4,3,,,,,,,,,,,,,,,,,,,,,,,,,,,,
2708,9,12 09 34 10,True,Scale,True,None,NULL,None,NULL,0,1,0,4,2,0,0,0,0,Successful Climb,0,false,false,false,4,4,,,,,,,,,,,,,,,,,,,,,,,,,,,,
2708,21,12 15 24 37,True,Scale,True,Scale,False,None,NULL,0,2,0,6,1,0,0,0,0,Successful Climb,0,false,false,false,4,4,,,,,,,,,,,,,,,,,,,,,,,,,,,,
2708,16,12 14 37 19,True,Switch,True,None,NULL,None,NULL,0,0,0,0,0,6,1,0,0,Did Not Try,0,false,false,false,4,3,,,,,,,,,,,,,,,,,,,,,,,,,,,,
2708,34,12 17 38 18,True,Switch,True,Switch,True,Switch,False,2,2,0,7,0,0,0,1,0,Successful Climb,0,false,false,false,4,4,,,,,,,,,,,,,,,,,,,,,,,,,,,,
2708,41,13 06 50 28,True,Switch,True,Scale,True,None,False,1,0,0,2,1,3,1,0,0,Did Not Try,0,false,false,false,4,3,,,,,,,,,,,,,,,,,,,,,,,,,,,,
2708,37,13 09 15 32,True,Switch,True,Switch,True,Switch,True,2,2,0,3,2,2,0,0,0,Successful Climb,0,false,false,false,4,4,,,,,,,,,,,,,,,,,,,,,,,,,,,,
2708,55,13 12 08 06,True,Switch,True,Switch,True,Switch,True,2,4,0,2,2,0,0,0,0,Did Not Try,0,false,false,false,4,4,,,,,,,,,,,,,,,,,,,,,,,,,,,,
2708,52,13 08 40 21,True,Switch,True,Switch,True,Switch,True,2,0,0,3,0,4,0,0,0,Successful Climb,0,false,false,false,3,4,,,,,,,,,,,,,,,,,,,,,,,,,,,,
2708,65,13 14 51 55,True,Scale,True,Switch,True,None,NULL,1,4,0,0,0,3,1,1,0,Successful Climb,0,false,false,false,4,4,,,,,,,,,,,,,,,,,,,,,,,,,,,,
2708,68,13 15 18 43,True,Switch,True,Switch,True,None,NULL,1,0,0,8,4,0,0,0,0,Failed Climb,0,false,false,false,4,4,,,,,,,,,,,,,,,,,,,,,,,,,,,,
2708,80,13 17 13 40,True,Scale,True,None,NULL,None,NULL,0,0,0,6,1,0,0,0,0,Successful Climb,0,false,false,false,3,3,,,,,,,,,,,,,,,,,,,,,,,,,,,,
3739,4,12 11 43 44,True,None,NULL,None,NULL,None,NULL,0,2,0,0,0,0,0,3,0,Failed Climb,0,false,false,false,2,1,,,,,,,,,,,,,,,,,,,,,,,,,,,,
3739,11,12 09 51 57,True,None,NULL,None,NULL,None,NULL,0,0,0,0,0,2,2,0,0,Did Not Try,0,false,false,false,3,2,,,,,,,,,,,,,,,,,,,,,,,,,,,,
3739,21,12 15 26 40,True,Switch,True,None,False,None,False,0,0,0,0,0,4,0,0,0,Did Not Try,0,false,true,false,3,3,,,,,,,,,,,,,,,,,,,,,,,,,,,,
3739,18,12 14 54 39,True,Switch,False,None,NULL,None,NULL,1,0,0,0,0,5,0,0,0,Did Not Try,0,false,false,false,2,2,,,,,,,,,,,,,,,,,,,,,,,,,,,,
3739,28,12 13 41 59,True,None,NULL,None,NULL,None,NULL,0,4,0,0,0,0,0,0,0,Failed Climb,0,false,false,false,2,3,,,,,,,,,,,,,,,,,,,,,,,,,,,,
3739,37,13 09 14 15,True,None,NULL,None,NULL,None,NULL,0,2,0,0,0,0,0,6,0,Did Not Try,0,false,true,false,3,3,,,,,,,,,,,,,,,,,,,,,,,,,,,,
3739,50,13 08 19 29,True,None,NULL,None,NULL,None,NULL,0,2,0,0,0,1,0,1,1,Did Not Try,0,false,false,false,2,3,,,,,,,,,,,,,,,,,,,,,,,,,,,,
3739,43,13 10 08 16,True,Switch,True,None,NULL,None,NULL,0,0,0,0,0,0,0,0,0,Failed Climb,0,false,false,false,2,3,,,,,,,,,,,,,,,,,,,,,,,,,,,,
3739,59,13 12 44 54,False,Switch,False,None,NULL,None,NULL,0,5,1,0,0,0,0,3,0,Did Not Try,0,false,false,false,3,3,,,,,,,,,,,,,,,,,,,,,,,,,,,,
3739,62,13 14 21 34,True,None,NULL,None,NULL,None,NULL,0,5,0,0,0,0,0,0,0,Failed Climb,0,false,false,false,3,3,,,,,,,,,,,,,,,,,,,,,,,,,,,,
3739,73,13 16 06 18,True,Switch,True,None,False,None,NULL,0,0,0,0,0,0,0,0,0,Did Not Try,0,false,true,false,3,2,,,,,,,,,,,,,,,,,,,,,,,,,,,,
3739,79,13 17 05 03,True,Switch,True,None,NULL,None,NULL,0,0,0,0,0,1,0,0,0,Did Not Try,0,true,false,false,3,1,,,,,,,,,,,,,,,,,,,,,,,,,,,,
4039,7,12 12 14 51,True,Switch,True,None,NULL,None,NULL,0,4,0,0,0,0,0,0,0,Did Not Try,0,false,false,false,4,2,,,,,,,,,,,,,,,,,,,,,,,,,,,,
4039,2,12 10 22 00,True,Switch,True,None,NULL,None,NULL,1,5,0,0,0,3,0,0,0,Did Not Try,0,false,false,false,3,4,,,,,,,,,,,,,,,,,,,,,,,,,,,,
4039,17,12 11 45 49,True,Switch,True,Switch,True,None,NULL,1,2,0,0,0,0,0,0,0,Did Not Try,0,false,false,false,2,1,,,,,,,,,,,,,,,,,,,,,,,,,,,,
4039,27,12 13 32 10,True,Switch,True,Switch,True,None,NULL,0,3,1,0,0,0,0,7,0,Did Not Try,0,false,false,false,4,4,,,,,,,,,,,,,,,,,,,,,,,,,,,,
4039,32,12 17 18 31,True,Switch,True,Switch,True,None,NULL,1,0,0,0,0,6,0,0,0,Did Not Try,0,false,false,false,4,4,,,,,,,,,,,,,,,,,,,,,,,,,,,,
4039,48,13 10 58 44,True,Switch,True,Switch,True,None,NULL,1,7,0,0,0,1,0,0,0,Did Not Try,0,true,false,false,2,3,,,,,,,,,,,,,,,,,,,,,,,,,,,,
4039,40,13 09 43 34,True,None,NULL,None,NULL,None,NULL,0,0,0,3,0,0,0,3,0,Did Not Try,0,false,false,false,3,2,,,,,,,,,,,,,,,,,,,,,,,,,,,,
4039,45,13 07 28 57,True,Switch,True,None,NULL,None,NULL,1,2,1,0,0,1,0,0,0,Did Not Try,0,false,false,false,4,4,,,,,,,,,,,,,,,,,,,,,,,,,,,,
4039,59,13 09 45 06,True,Switch,True,None,NULL,None,NULL,0,6,5,0,0,0,0,0,0,Did Not Try,0,false,false,false,3,3,,,,,,,,,,,,,,,,,,,,,,,,,,,,
4039,68,13 15 19 13,True,Switch,True,Switch,False,None,NULL,1,3,0,0,0,3,1,2,0,Did Not Try,0,false,false,false,3,2,,,,,,,,,,,,,,,,,,,,,,,,,,,,
4069,3,12 08 31 27,True,Switch,True,None,NULL,None,False,0,0,0,7,0,0,0,0,0,Successful Climb,0,false,false,false,3,3,,,,,,,,,,,,,,,,,,,,,,,,,,,,
4069,13,12 14 10 47,True,Scale,True,None,NULL,None,NULL,0,2,0,5,0,0,0,0,0,Successful Climb,0,true,false,false,3,4,,,,,,,,,,,,,,,,,,,,,,,,,,,,
4069,16,12 11 37 27,True,None,NULL,None,NULL,None,NULL,0,0,0,0,0,0,0,0,0,Failed Climb,0,false,false,false,3,3,,,,,,,,,,,,,,,,,,,,,,,,,,,,
4069,25,12 13 04 54,True,Switch,True,Switch,False,None,NULL,0,1,0,7,3,0,0,0,0,Failed Climb,0,false,false,false,4,4,,,,,,,,,,,,,,,,,,,,,,,,,,,,
4069,33,12 17 28 07,True,Scale,True,None,NULL,None,NULL,0,0,0,3,0,0,0,2,0,Failed Climb,0,false,false,false,3,4,,,,,,,,,,,,,,,,,,,,,,,,,,,,
4069,39,13 09 34 04,True,Switch,True,Switch,True,None,NULL,1,0,0,5,0,0,0,0,0,Successful Climb,0,false,false,false,4,3,,,,,,,,,,,,,,,,,,,,,,,,,,,,
4069,45,13 10 28 29,True,Scale,True,None,NULL,None,NULL,0,0,0,0,0,2,0,0,0,Successful Climb,0,false,false,false,3,3,,,,,,,,,,,,,,,,,,,,,,,,,,,,
4069,50,13 11 16 22,True,Switch,True,Switch,True,None,NULL,0,0,0,4,1,0,0,0,0,Failed Climb,0,false,false,false,3,2,,,,,,,,,,,,,,,,,,,,,,,,,,,,
4069,58,13 12 34 32,True,None,False,None,False,None,False,0,0,0,6,0,0,0,1,0,Successful Climb,0,false,false,false,3,3,,,,,,,,,,,,,,,,,,,,,,,,,,,,
4069,63,13 14 32 50,True,Switch,True,Switch,True,None,NULL,0,3,0,2,0,2,0,0,0,Did Not Try,0,false,false,false,3,3,,,,,,,,,,,,,,,,,,,,,,,,,,,,
4308,3,12 08 31 24,True,Switch,True,None,NULL,None,NULL,0,1,1,0,0,2,0,0,0,Did Not Try,0,false,false,false,2,3,,,,,,,,,,,,,,,,,,,,,,,,,,,,
4308,11,12 12 52 21,True,Switch,True,None,NULL,None,NULL,0,0,0,0,0,3,1,1,1,Did Not Try,0,false,false,false,2,1,,,,,,,,,,,,,,,,,,,,,,,,,,,,
4308,15,12 11 28 43,True,Switch,True,None,NULL,None,NULL,0,0,0,0,0,0,0,8,2,Did Not Try,0,false,false,false,3,3,,,,,,,,,,,,,,,,,,,,,,,,,,,,
4308,21,12 12 27 29,True,Switch,True,None,NULL,None,NULL,0,2,0,0,0,0,0,6,0,Did Not Try,0,false,false,false,4,4,,,,,,,,,,,,,,,,,,,,,,,,,,,,
4308,32,12 17 18 23,True,None,NULL,None,NULL,None,NULL,0,1,0,0,0,0,0,6,0,Did Not Try,0,false,false,false,2,2,,,,,,,,,,,,,,,,,,,,,,,,,,,,
4308,35,12 17 46 54,True,None,NULL,None,NULL,None,NULL,0,0,0,0,0,1,1,0,0,Did Not Try,0,false,false,false,3,4,,,,,,,,,,,,,,,,,,,,,,,,,,,,
4308,60,13 13 03 06,True,None,NULL,None,False,None,NULL,0,0,0,0,0,0,0,0,0,Did Not Try,0,false,false,false,4,4,,,,,,,,,,,,,,,,,,,,,,,,,,,,
4308,47,13 07 47 14,True,Switch,True,None,NULL,None,NULL,0,5,0,0,0,1,0,0,0,Did Not Try,0,false,false,false,3,3,,,,,,,,,,,,,,,,,,,,,,,,,,,,
4308,64,13 14 40 56,True,Switch,True,None,NULL,None,NULL,0,0,0,0,0,0,0,0,0,Did Not Try,0,false,false,false,3,3,,,,,,,,,,,,,,,,,,,,,,,,,,,,
4308,69,13 15 28 05,True,Switch,True,None,NULL,None,NULL,0,0,0,0,0,0,0,8,0,Did Not Try,0,false,false,false,3,2,,,,,,,,,,,,,,,,,,,,,,,,,,,,
4308,77,13 16 44 27,True,Switch,True,None,NULL,None,NULL,1,0,0,0,0,0,0,0,0,Got carried,0,false,false,false,3,4,,,,,,,,,,,,,,,,,,,,,,,,,,,,
4525,6,12 12 03 47,True,Switch,True,Switch,True,None,NULL,1,6,0,0,0,0,0,0,0,Successful Climb,0,false,false,false,4,4,,,,,,,,,,,,,,,,,,,,,,,,,,,,
4525,11,12 12 52 20,True,Switch,True,Switch,True,None,NULL,1,5,0,0,0,0,0,4,0,Successful Climb,0,false,false,false,2,3,,,,,,,,,,,,,,,,,,,,,,,,,,,,
4525,19,12 15 04 19,True,Switch,True,Switch,True,None,NULL,1,7,0,0,0,0,0,0,0,Did Not Try,0,false,false,false,3,4,,,,,,,,,,,,,,,,,,,,,,,,,,,,
4525,24,12 15 56 19,True,Switch,True,None,NULL,None,NULL,1,2,1,0,0,3,0,0,0,Successful Climb,0,false,false,false,3,4,,,,,,,,,,,,,,,,,,,,,,,,,,,,
4525,32,12 17 18 14,True,Switch,True,None,NULL,None,NULL,0,0,0,0,0,3,0,0,0,Successful Climb,0,false,false,false,4,4,,,,,,,,,,,,,,,,,,,,,,,,,,,,
4525,45,13 10 30 38,True,Switch,True,None,NULL,None,NULL,0,1,0,0,0,6,0,0,0,Successful Climb,0,false,false,false,1,2,,,,,,,,,,,,,,,,,,,,,,,,,,,,
4525,38,13 09 24 43,True,Switch,True,None,NULL,None,NULL,0,5,2,0,0,0,0,1,0,Failed Climb,0,false,false,false,3,2,,,,,,,,,,,,,,,,,,,,,,,,,,,,
4525,57,13 12 23 51,True,Switch,True,Switch,True,None,NULL,1,0,0,0,0,4,1,0,0,Failed Climb,0,false,false,false,4,4,,,,,,,,,,,,,,,,,,,,,,,,,,,,
4525,54,13 11 57 57,True,Switch,True,None,NULL,None,NULL,0,4,0,0,0,0,0,6,0,Did Not Try,0,false,false,false,4,3,,,,,,,,,,,,,,,,,,,,,,,,,,,,
4525,64,13 14 42 36,True,Switch,True,Switch,True,None,NULL,1,0,0,0,0,5,1,0,0,Successful Climb,0,false,false,false,4,4,,,,,,,,,,,,,,,,,,,,,,,,,,,,
4525,72,13 12 55 26,True,Switch,True,Switch,False,None,NULL,1,1,0,0,0,2,1,6,0,Did Not Try,0,false,false,false,3,2,,,,,,,,,,,,,,,,,,,,,,,,,,,,
4525,75,13 16 25 31,True,Switch,True,Switch,True,None,NULL,1,5,0,0,0,0,0,0,0,Successful Climb,0,false,false,false,2,3,,,,,,,,,,,,,,,,,,,,,,,,,,,,
4688,3,12 11 32 11,True,None,NULL,None,NULL,None,NULL,0,1,0,0,0,0,0,9,0,Successful Climb,0,false,false,false,3,4,,,,,,,,,,,,,,,,,,,,,,,,,,,,
4688,10,12 12 42 39,True,None,NULL,None,NULL,None,NULL,0,0,0,0,0,2,0,0,0,Successful Climb,0,false,false,false,3,4,,,,,,,,,,,,,,,,,,,,,,,,,,,,
4688,19,12 12 03 34,True,Switch,True,None,NULL,None,NULL,0,3,1,3,2,0,0,0,0,Did Not Try,0,false,false,false,2,2,,,,,,,,,,,,,,,,,,,,,,,,,,,,
4688,22,12 15 36 04,True,Scale,NULL,None,NULL,None,NULL,0,0,0,5,2,0,0,0,0,Successful Climb,0,false,false,false,3,3,,,,,,,,,,,,,,,,,,,,,,,,,,,,
4688,28,12 16 41 58,True,Switch,False,None,NULL,None,NULL,0,1,1,1,0,1,0,0,0,Failed Climb,0,false,false,false,3,2,,,,,,,,,,,,,,,,,,,,,,,,,,,,
4688,35,12 17 46 59,True,Switch,True,None,NULL,None,NULL,0,0,0,0,0,0,0,5,0,Failed Climb,0,false,false,false,2,3,,,,,,,,,,,,,,,,,,,,,,,,,,,,
4688,52,13 11 39 33,True,Switch,True,None,NULL,None,NULL,0,0,0,2,1,0,0,0,0,Failed Climb,0,false,false,false,2,2,,,,,,,,,,,,,,,,,,,,,,,,,,,,
4688,42,13 09 59 20,True,None,NULL,None,NULL,None,NULL,0,0,0,2,0,6,0,0,0,Did Not Try,0,false,false,false,3,3,,,,,,,,,,,,,,,,,,,,,,,,,,,,
4688,65,13 11 51 54,True,None,NULL,None,NULL,None,NULL,0,0,0,0,0,0,0,10,0,Did Not Try,0,false,false,false,3,3,,,,,,,,,,,,,,,,,,,,,,,,,,,,
4688,55,13 12 08 45,True,Switch,True,None,NULL,None,NULL,0,2,0,0,0,0,0,0,0,Failed Climb,0,false,false,false,2,2,,,,,,,,,,,,,,,,,,,,,,,,,,,,
4688,73,13 13 06 12,True,Switch,True,None,NULL,None,NULL,0,0,0,1,0,5,0,0,0,Failed Climb,0,false,false,false,3,2,,,,,,,,,,,,,,,,,,,,,,,,,,,,
4704,1,12 11 10 35,True,None,NULL,None,NULL,None,NULL,0,6,1,0,0,0,0,0,0,Did Not Try,0,false,false,false,3,3,,,,,,,,,,,,,,,,,,,,,,,,,,,,
4704,12,12 13 02 28,True,Switch,True,None,NULL,None,NULL,0,4,2,0,0,2,0,0,0,Did Not Try,0,false,false,false,3,3,,,,,,,,,,,,,,,,,,,,,,,,,,,,
4704,15,12 14 29 18,True,None,NULL,None,NULL,None,NULL,0,0,0,0,0,1,0,0,0,Did Not Try,0,false,false,false,3,2,,,,,,,,,,,,,,,,,,,,,,,,,,,,
4704,24,12 15 53 57,True,Switch,False,None,NULL,None,NULL,0,0,0,0,0,4,1,0,0,Did Not Try,0,false,false,false,3,2,,,,,,,,,,,,,,,,,,,,,,,,,,,,
4704,38,13 09 24 28,True,Switch,NULL,None,NULL,None,NULL,0,0,0,0,0,0,0,2,0,Did Not Try,0,false,true,false,2,1,,,,,,,,,,,,,,,,,,,,,,,,,,,,
4704,41,13 09 50 30,False,None,NULL,None,NULL,None,NULL,0,0,0,0,0,6,0,0,0,Did Not Try,0,false,true,false,3,2,,,,,,,,,,,,,,,,,,,,,,,,,,,,
4704,48,13 10 56 46,True,None,NULL,None,NULL,None,NULL,0,5,0,0,0,0,0,1,0,Got carried,0,false,false,false,3,1,,,,,,,,,,,,,,,,,,,,,,,,,,,,
4704,56,13 12 16 53,True,Switch,True,None,NULL,None,NULL,0,5,1,0,0,0,0,0,0,Did Not Try,0,false,false,false,3,2,,,,,,,,,,,,,,,,,,,,,,,,,,,,
4704,73,13 16 06 22,True,None,NULL,None,NULL,None,NULL,0,0,0,0,0,5,0,0,0,Failed Climb,0,false,false,false,3,2,,,,,,,,,,,,,,,,,,,,,,,,,,,,
4917,9,12 12 34 23,True,Switch,False,Switch,True,None,NULL,0,0,0,0,0,5,0,0,0,Did Not Try,0,false,false,false,4,4,,,,,,,,,,,,,,,,,,,,,,,,,,,,
4917,4,12 08 41 54,True,Switch,True,Switch,True,None,NULL,0,1,0,7,1,0,0,0,0,Successful Climb,0,false,false,false,4,4,,,,,,,,,,,,,,,,,,,,,,,,,,,,
4917,18,12 11 54 50,True,None,NULL,None,NULL,None,NULL,0,0,0,3,0,6,0,0,0,Successful Climb,0,false,false,false,3,4,,,,,,,,,,,,,,,,,,,,,,,,,,,,
4917,27,12 16 31 50,True,Switch,True,None,NULL,None,NULL,0,0,0,4,0,4,0,0,0,Successful Climb,0,false,false,false,3,4,,,,,,,,,,,,,,,,,,,,,,,,,,,,
4917,22,12 15 33 15,True,Switch,True,Switch,True,None,NULL,2,0,0,6,2,0,0,0,0,Failed Climb,0,false,false,false,4,4,,,,,,,,,,,,,,,,,,,,,,,,,,,,
4917,38,13 09 23 46,True,Switch,True,Switch,True,None,NULL,2,9,2,0,0,0,0,0,0,Successful Climb,0,false,false,false,4,4,,,,,,,,,,,,,,,,,,,,,,,,,,,,
4917,47,13 10 47 44,True,Switch,True,Switch,True,Switch,False,2,0,0,1,0,6,0,0,0,Successful Climb,0,false,false,false,4,4,,,,,,,,,,,,,,,,,,,,,,,,,,,,
4917,51,13 11 30 56,True,Scale,True,None,NULL,None,NULL,0,0,0,8,0,0,0,0,0,Successful Climb,0,false,false,false,3,4,,,,,,,,,,,,,,,,,,,,,,,,,,,,
4917,58,13 09 34 59,True,Switch,NULL,Switch,NULL,None,NULL,2,0,0,7,2,0,0,0,0,Successful Climb,0,false,false,false,4,3,,,,,,,,,,,,,,,,,,,,,,,,,,,,
4917,61,13 14 12 22,True,Switch,True,Switch,False,None,False,0,0,0,0,0,1,0,0,0,Successful Climb,0,false,false,false,3,3,,,,,,,,,,,,,,,,,,,,,,,,,,,,
4917,69,13 12 28 15,True,Scale,True,None,NULL,None,NULL,0,0,0,5,0,3,1,0,0,Successful Climb,0,false,false,false,4,4,,,,,,,,,,,,,,,,,,,,,,,,,,,,
4917,75,13 16 23 13,True,Scale,True,Scale,False,None,NULL,1,0,0,1,0,1,0,0,0,Successful Climb,0,false,false,false,4,4,,,,,,,,,,,,,,,,,,,,,,,,,,,,
4939,5,12 08 51 55,True,Switch,False,None,NULL,None,NULL,0,3,0,0,0,0,0,7,0,Did Not Try,0,false,false,false,3,3,,,,,,,,,,,,,,,,,,,,,,,,,,,,
4939,9,12 11 33 27,True,None,NULL,None,NULL,None,NULL,0,4,0,0,0,0,0,0,0,Successful Climb,0,false,false,false,2,3,,,,,,,,,,,,,,,,,,,,,,,,,,,,
4939,23,12 15 44 45,True,None,NULL,None,NULL,None,NULL,0,0,0,1,0,1,0,0,0,Did Not Try,0,false,false,false,3,3,,,,,,,,,,,,,,,,,,,,,,,,,,,,
4939,39,13 06 32 57,True,Switch,False,None,NULL,None,NULL,0,0,0,0,0,7,0,0,0,Failed Climb,0,false,false,false,3,3,,,,,,,,,,,,,,,,,,,,,,,,,,,,
4939,44,13 10 18 32,True,None,NULL,None,NULL,None,NULL,0,6,1,0,0,0,0,2,0,Did Not Try,0,false,false,false,3,3,,,,,,,,,,,,,,,,,,,,,,,,,,,,
4939,57,13 12 25 52,True,None,NULL,None,NULL,None,NULL,0,5,0,0,0,0,0,4,0,Successful Climb,0,false,false,false,3,3,,,,,,,,,,,,,,,,,,,,,,,,,,,,
4939,53,13 11 48 36,True,None,NULL,None,NULL,None,NULL,0,0,0,0,0,7,1,0,0,Successful Climb,0,false,false,false,3,4,,,,,,,,,,,,,,,,,,,,,,,,,,,,
4939,67,13 15 09 58,True,Switch,False,None,NULL,None,NULL,0,0,0,0,0,3,0,0,0,Did Not Try,0,false,false,false,3,3,,,,,,,,,,,,,,,,,,,,,,,,,,,,
4939,79,13 17 02 42,True,None,NULL,None,NULL,None,NULL,0,0,0,0,0,5,0,0,0,Did Not Try,0,false,false,false,4,3,,,,,,,,,,,,,,,,,,,,,,,,,,,,
4946,2,12 11 21 40,True,Scale,False,None,NULL,None,NULL,0,0,0,6,0,1,0,0,0,Successful Climb,0,false,false,false,3,2,,,,,,,,,,,,,,,,,,,,,,,,,,,,
4946,18,12 11 54 30,True,None,NULL,None,NULL,None,NULL,0,1,0,3,2,0,0,0,0,Successful Climb,0,false,false,false,4,4,,,,,,,,,,,,,,,,,,,,,,,,,,,,
4946,21,12 15 26 51,True,None,NULL,None,NULL,None,NULL,0,0,0,7,2,0,0,0,0,Successful Climb,0,false,false,false,3,3,,,,,,,,,,,,,,,,,,,,,,,,,,,,
4946,28,12 13 42 04,True,Scale,False,None,NULL,None,NULL,0,0,0,3,1,2,0,0,0,Failed Climb,0,false,false,false,3,3,,,,,,,,,,,,,,,,,,,,,,,,,,,,
4946,36,12 17 56 02,True,Switch,True,None,False,None,False,0,4,0,3,1,0,0,0,0,Successful Climb,0,false,false,false,3,3,,,,,,,,,,,,,,,,,,,,,,,,,,,,
4946,42,13 09 59 41,True,Switch,True,None,NULL,None,NULL,0,0,0,7,1,0,0,0,0,Successful Climb,0,false,false,false,3,2,,,,,,,,,,,,,,,,,,,,,,,,,,,,
4946,53,13 11 48 27,True,None,NULL,None,NULL,None,NULL,0,0,0,6,0,1,0,0,0,Successful Climb,0,false,false,false,4,3,,,,,,,,,,,,,,,,,,,,,,,,,,,,
4946,56,13 12 16 51,True,Switch,True,None,NULL,None,NULL,0,0,0,6,0,4,0,0,0,Successful Climb,0,false,false,false,3,3,,,,,,,,,,,,,,,,,,,,,,,,,,,,
4946,67,13 15 09 41,True,Switch,True,None,NULL,None,NULL,0,0,0,0,0,3,0,0,0,Did Not Try,0,false,false,false,4,4,,,,,,,,,,,,,,,,,,,,,,,,,,,,
4946,80,13 14 14 00,True,Scale,False,None,NULL,None,NULL,0,0,0,0,0,0,0,4,0,Did Not Try,0,false,false,false,1,1,,,,,,,,,,,,,,,,,,,,,,,,,,,,
4968,1,12 11 10 14,True,Switch,False,None,NULL,None,NULL,0,0,0,0,0,3,2,0,0,Successful Climb,0,false,false,false,2,2,,,,,,,,,,,,,,,,,,,,,,,,,,,,
4968,8,12 12 26 14,True,None,NULL,None,NULL,None,NULL,0,0,0,1,0,4,0,0,0,Successful Climb,0,false,false,false,2,1,,,,,,,,,,,,,,,,,,,,,,,,,,,,
4968,22,12 12 35 03,True,Switch,True,None,NULL,None,NULL,0,3,0,0,0,0,0,0,0,Successful Climb,0,false,false,false,2,3,,,,,,,,,,,,,,,,,,,,,,,,,,,,
4968,34,12 14 37 36,True,None,NULL,None,NULL,None,NULL,0,0,0,4,0,1,0,0,0,Did Not Try,0,false,false,false,3,3,,,,,,,,,,,,,,,,,,,,,,,,,,,,
4968,3,13 09 14 58,True,Switch,True,None,NULL,None,NULL,0,0,0,0,0,0,0,0,0,Did Not Try,0,false,true,false,2,2,,,,,,,,,,,,,,,,,,,,,,,,,,,,
4968,45,13 10 28 32,True,None,NULL,None,NULL,None,NULL,0,0,0,0,0,1,0,0,0,Did Not Try,0,false,false,false,3,3,,,,,,,,,,,,,,,,,,,,,,,,,,,,
4968,45,13 10 28 32,True,None,NULL,None,NULL,None,NULL,0,0,0,0,0,1,0,0,0,Did Not Try,0,false,false,false,3,3,,,,,,,,,,,,,,,,,,,,,,,,,,,,
4968,60,13 13 04 45,True,None,False,None,False,None,False,0,0,0,0,0,0,0,5,0,Did Not Try,0,false,true,false,3,3,,,,,,,,,,,,,,,,,,,,,,,,,,,,
4968,67,13 15 09 40,True,Switch,True,None,NULL,None,NULL,0,0,0,0,0,2,0,0,0,Did Not Try,0,false,false,false,1,1,,,,,,,,,,,,,,,,,,,,,,,,,,,,
4968,78,13 16 54 52,True,None,False,None,NULL,None,NULL,0,0,0,0,0,1,0,0,0,Did Not Try,0,false,true,false,3,3,,,,,,,,,,,,,,,,,,,,,,,,,,,,
4968,50,13 11 17 00,True,Switch,True,None,NULL,None,NULL,0,3,0,0,0,0,0,0,0,Failed Climb,0,false,false,false,3,1,,,,,,,,,,,,,,,,,,,,,,,,,,,,
4976,7,12 12 11 56,True,None,NULL,None,NULL,None,NULL,0,2,0,2,0,0,0,5,0,Did Not Try,0,false,false,false,4,3,,,,,,,,,,,,,,,,,,,,,,,,,,,,
4976,20,12 15 10 11,True,None,NULL,None,NULL,None,NULL,0,1,0,6,0,2,1,0,0,Failed Climb,0,false,false,false,4,4,,,,,,,,,,,,,,,,,,,,,,,,,,,,
4976,23,12 15 47 44,True,Switch,True,None,NULL,None,NULL,0,0,0,4,4,0,0,0,0,Failed Climb,0,false,false,false,2,3,,,,,,,,,,,,,,,,,,,,,,,,,,,,
4976,31,12 17 08 57,True,Switch,True,None,NULL,None,NULL,0,0,0,7,1,0,0,0,0,Successful Climb,0,false,false,false,4,3,,,,,,,,,,,,,,,,,,,,,,,,,,,,
4976,36,12 17 56 23,True,None,NULL,None,NULL,None,NULL,0,0,0,3,0,2,0,0,0,Successful Climb,0,false,false,false,3,3,,,,,,,,,,,,,,,,,,,,,,,,,,,,
4976,41,13 09 50 35,True,None,NULL,None,NULL,None,NULL,0,0,0,4,1,0,0,0,0,Successful Climb,0,false,false,false,2,2,,,,,,,,,,,,,,,,,,,,,,,,,,,,
4976,50,13 11 16 34,True,Scale,True,None,NULL,None,NULL,0,1,0,3,0,0,0,0,0,Successful Climb,0,false,false,false,4,3,,,,,,,,,,,,,,,,,,,,,,,,,,,,
4976,60,13 13 05 25,True,Scale,False,None,NULL,None,NULL,0,3,0,3,0,0,0,0,0,Successful Climb,0,false,false,false,4,3,,,,,,,,,,,,,,,,,,,,,,,,,,,,
4976,64,13 14 41 00,True,Scale,True,None,NULL,None,NULL,0,0,0,0,1,2,0,0,0,Successful Climb,0,false,false,false,3,3,,,,,,,,,,,,,,,,,,,,,,,,,,,,
4976,68,13 12 21 38,True,Scale,False,None,NULL,None,NULL,0,0,0,7,2,0,0,0,0,Failed Climb,0,false,false,false,4,3,,,,,,,,,,,,,,,,,,,,,,,,,,,,
4976,75,13 16 26 36,True,Switch,True,None,NULL,None,NULL,0,0,0,4,0,3,1,0,0,Did Not Try,0,false,false,false,4,3,,,,,,,,,,,,,,,,,,,,,,,,,,,,
4992,6,12 09 04 35,True,None,NULL,None,False,None,NULL,0,5,0,0,0,0,0,4,2,Did Not Try,0,false,false,false,3,2,,,,,,,,,,,,,,,,,,,,,,,,,,,,
4992,12,12 12 02 50,True,Switch,False,None,NULL,None,NULL,0,1,0,0,2,1,0,0,0,Did Not Try,0,false,true,false,2,3,,,,,,,,,,,,,,,,,,,,,,,,,,,,
4992,19,12 15 03 29,True,Switch,True,None,NULL,None,NULL,0,0,0,0,1,0,0,0,0,Did Not Try,0,false,false,false,3,3,,,,,,,,,,,,,,,,,,,,,,,,,,,,
4992,30,12 13 59 48,True,Switch,True,None,NULL,None,NULL,0,0,0,0,0,4,0,0,0,Did Not Try,0,false,false,false,3,4,,,,,,,,,,,,,,,,,,,,,,,,,,,,
4992,27,12 16 31 59,True,Switch,True,None,NULL,None,NULL,0,0,0,2,0,1,0,0,0,Did Not Try,0,false,true,false,3,3,,,,,,,,,,,,,,,,,,,,,,,,,,,,
4992,40,13 09 43 55,True,Switch,True,None,NULL,None,NULL,0,0,0,3,0,0,0,6,0,Did Not Try,0,false,false,false,4,3,,,,,,,,,,,,,,,,,,,,,,,,,,,,
4992,46,13 10 39 00,True,None,NULL,None,NULL,None,NULL,0,2,0,0,0,1,1,8,0,Successful Climb,0,false,false,false,2,4,,,,,,,,,,,,,,,,,,,,,,,,,,,,
4992,58,13 12 35 00,True,Switch,True,None,NULL,None,NULL,0,1,0,0,0,1,0,0,0,Did Not Try,0,false,false,false,3,3,,,,,,,,,,,,,,,,,,,,,,,,,,,,
4992,53,13 08 49 19,True,Switch,True,None,NULL,None,NULL,0,1,0,4,0,0,0,0,1,Failed Climb,0,false,false,false,3,2,,,,,,,,,,,,,,,,,,,,,,,,,,,,
4992,62,13 11 21 43,True,Switch,True,None,NULL,None,NULL,0,5,1,0,0,1,1,1,0,Did Not Try,0,false,false,false,3,3,,,,,,,,,,,,,,,,,,,,,,,,,,,,
4992,67,13 12 10 54,True,Switch,True,None,NULL,None,NULL,0,3,1,0,0,0,0,8,0,Did Not Try,0,false,false,false,3,3,,,,,,,,,,,,,,,,,,,,,,,,,,,,
5039,4,12 08 42 06,True,None,NULL,None,False,None,NULL,0,2,2,5,2,0,0,0,0,Did Not Try,0,false,false,false,2,3,,,,,,,,,,,,,,,,,,,,,,,,,,,,
5039,23,12 15 43 39,True,None,NULL,None,NULL,None,NULL,0,0,0,2,1,0,0,0,0,Did Not Try,0,false,false,true,3,3,,,,,,,,,,,,,,,,,,,,,,,,,,,,
5039,19,12 15 03 25,True,None,NULL,None,NULL,None,NULL,0,0,0,6,2,0,0,0,0,Did Not Try,0,false,false,false,3,3,,,,,,,,,,,,,,,,,,,,,,,,,,,,
5039,41,13 09 50 45,True,None,NULL,None,NULL,None,NULL,0,0,0,4,2,0,0,0,0,Did Not Try,0,false,false,false,1,2,,,,,,,,,,,,,,,,,,,,,,,,,,,,
5039,59,13 12 45 05,True,Switch,True,None,NULL,None,NULL,0,0,5,3,1,0,0,0,0,Did Not Try,0,false,true,false,2,3,,,,,,,,,,,,,,,,,,,,,,,,,,,,
5039,72,13 15 55 00,True,None,NULL,None,NULL,None,False,0,0,0,3,1,2,0,0,0,Did Not Try,0,false,false,false,3,3,,,,,,,,,,,,,,,,,,,,,,,,,,,,
5039,66,13 15 00 13,True,Scale,True,None,NULL,None,NULL,0,0,0,6,0,0,0,0,0,Did Not Try,0,false,false,false,3,3,,,,,,,,,,,,,,,,,,,,,,,,,,,,
5406,5,12 11 52 39,True,Switch,True,Switch,True,None,NULL,1,0,0,5,1,0,0,0,0,Successful Climb,0,false,false,false,4,4,,,,,,,,,,,,,,,,,,,,,,,,,,,,
5406,16,12 14 36 50,True,Scale,True,Scale,False,None,NULL,2,10,1,0,0,0,0,0,0,Failed Climb,0,false,false,false,3,3,,,,,,,,,,,,,,,,,,,,,,,,,,,,
5406,13,12 14 11 52,True,Scale,True,None,NULL,None,NULL,0,1,0,4,0,0,0,3,0,Successful Climb,1,false,false,false,3,3,,,,,,,,,,,,,,,,,,,,,,,,,,,,
5406,\26,12 13 14 51,True,Switch,True,Vault,True,Scale,False,1,0,0,8,0,0,0,0,0,Successful Climb,1,false,false,false,3,4,,,,,,,,,,,,,,,,,,,,,,,,,,,,
5406,33,12 14 28 00,True,Switch,True,Switch,True,None,NULL,1,0,0,7,0,0,0,0,0,Successful Climb,1,false,false,false,3,4,,,,,,,,,,,,,,,,,,,,,,,,,,,,
5406,38,13 09 23 50,True,Scale,True,Scale,True,None,NULL,0,0,0,6,0,0,0,0,0,Did Not Try,0,false,false,false,4,4,,,,,,,,,,,,,,,,,,,,,,,,,,,,
5406,43,13 10 08 12,True,Scale,True,Scale,False,Scale,True,2,0,0,1,0,8,0,0,0,Successful Climb,1,false,false,false,3,3,,,,,,,,,,,,,,,,,,,,,,,,,,,,
5406,48,13 10 56 13,True,Switch,True,Switch,True,None,NULL,1,0,0,5,0,0,0,2,0,Successful Climb,1,false,false,false,4,4,,,,,,,,,,,,,,,,,,,,,,,,,,,,
5406,67,13 12 09 38,True,Scale,True,None,NULL,None,NULL,0,0,0,6,0,0,0,0,0,Successful Climb,0,false,false,false,3,3,,,,,,,,,,,,,,,,,,,,,,,,,,,,
5406,71,13 15 46 00,True,Scale,True,Scale,False,None,NULL,1,0,0,7,0,0,0,0,0,Successful Climb,1,false,false,false,4,3,,,,,,,,,,,,,,,,,,,,,,,,,,,,
5406,77,13 16 44 23,True,Scale,True,Scale,False,None,NULL,1,0,0,6,1,0,0,0,0,Successful Climb,1,false,false,false,3,3,5596,1,12 11 08 35,True,None,NULL,None,NULL,None,NULL,0,4,1,0,0,0,0,0,0,Successful Climb,0,false,false,false,4,4,i accidentally forgot to record the pickups,halil
5596,13,12 14 11 20,True,None,False,None,NULL,None,NULL,0,0,0,0,0,3,0,0,0,Did Not Try,0,false,true,false,3,3,,,,,,,,,,,,,,,,,,,,,,,,,,,,
5596,18,12 14 55 17,True,Scale,True,None,NULL,None,NULL,1,4,0,0,0,0,0,7,1,Did Not Try,0,false,false,false,3,4,,,,,,,,,,,,,,,,,,,,,,,,,,,,
5596,26,12 16 15 09,True,Scale,True,None,NULL,None,NULL,0,5,1,0,0,0,0,0,0,Did Not Try,0,false,false,false,3,3,,,,,,,,,,,,,,,,,,,,,,,,,,,,
5596,29,12 16 49 10,True,Scale,True,None,NULL,None,NULL,0,0,0,5,0,2,0,0,0,Failed Climb,0,false,false,false,4,4,,,,,,,,,,,,,,,,,,,,,,,,,,,,
5596,39,13 09 33 11,True,Scale,False,None,False,None,NULL,0,0,0,6,1,0,0,0,0,Failed Climb,0,false,false,false,3,2,,,,,,,,,,,,,,,,,,,,,,,,,,,,
5596,52,13 11 40 29,True,Scale,True,None,NULL,None,NULL,0,0,0,4,0,1,0,0,0,Did Not Try,0,false,false,false,3,2,,,,,,,,,,,,,,,,,,,,,,,,,,,,
5596,59,13 12 44 54,True,Scale,True,None,NULL,None,NULL,0,0,1,2,2,0,0,0,0,Successful Climb,0,false,false,false,2,3,,,,,,,,,,,,,,,,,,,,,,,,,,,,
5596,69,13 15 27 50,True,Scale,True,None,False,None,False,0,0,0,4,1,0,0,0,0,Got carried,0,false,false,false,3,3,,,,,,,,,,,,,,,,,,,,,,,,,,,,
5596,64,13 14 41 11,True,None,NULL,None,NULL,None,NULL,0,0,0,0,0,4,0,0,0,Did Not Try,0,false,false,false,3,3,,,,,,,,,,,,,,,,,,,,,,,,,,,,
5885,2,12 08 21 15,True,None,NULL,None,NULL,None,NULL,0,0,0,2,0,3,0,0,0,Did Not Try,0,false,false,false,3,3,,,,,,,,,,,,,,,,,,,,,,,,,,,,
5885,8,12 12 23 03,True,Switch,True,None,NULL,None,NULL,0,0,0,0,0,0,0,9,0,Successful Climb,0,false,false,false,3,3,,,,,,,,,,,,,,,,,,,,,,,,,,,,
5885,19,12 12 03 49,True,Switch,True,None,NULL,None,NULL,0,0,0,2,3,0,0,0,0,Successful Climb,0,false,false,false,3,1,,,,,,,,,,,,,,,,,,,,,,,,,,,,
5885,33,12 17 29 47,True,None,NULL,None,NULL,None,NULL,0,0,0,0,0,3,1,0,0,Did Not Try,0,false,false,false,3,3,,,,,,,,,,,,,,,,,,,,,,,,,,,,
5885,36,12 17 56 24,True,None,NULL,None,NULL,None,NULL,0,0,1,0,0,0,0,3,0,Did Not Try,0,false,true,false,2,2,,,,,,,,,,,,,,,,,,,,,,,,,,,,
5885,43,13 10 08 50,True,None,NULL,None,NULL,None,NULL,0,0,0,0,0,4,0,0,0,Successful Climb,0,false,false,false,2,2,,,,,,,,,,,,,,,,,,,,,,,,,,,,
5885,48,13 07 56 28,True,None,NULL,None,NULL,None,NULL,0,0,0,1,0,3,2,0,0,Successful Climb,1,false,false,false,3,2,,,,,,,,,,,,,,,,,,,,,,,,,,,,
5885,55,13 09 08 31,True,None,NULL,None,NULL,None,NULL,0,0,0,1,0,0,1,0,0,Successful Climb,0,false,false,false,2,4,,,,,,,,,,,,,,,,,,,,,,,,,,,,
5885,62,13 14 22 00,True,None,NULL,None,NULL,None,NULL,0,0,0,0,0,0,0,0,0,Did Not Try,0,false,false,false,3,3,,,,,,,,,,,,,,,,,,,,,,,,,,,,
5885,69,13 15 27 53,True,None,NULL,None,NULL,None,NULL,0,0,0,0,0,1,0,0,0,Successful Climb,0,false,false,false,3,2,,,,,,,,,,,,,,,,,,,,,,,,,,,,
5885,78,13 16 55 02,True,Switch,True,None,NULL,None,NULL,0,0,0,0,0,1,0,0,0,Did Not Try,0,true,false,false,3,2,,,,,,,,,,,,,,,,,,,,,,,,,,,,
6009,9,12 12 34 15,True,Switch,True,None,NULL,None,NULL,0,3,0,0,0,0,0,6,0,Did Not Try,0,false,false,false,1,3,,,,,,,,,,,,,,,,,,,,,,,,,,,,
6009,5,12 11 50 05,True,Scale,True,Scale,False,None,NULL,0,0,0,0,0,3,0,1,0,Did Not Try,0,false,false,false,3,4,,,,,,,,,,,,,,,,,,,,,,,,,,,,
6009,14,12 14 17 04,True,Scale,True,None,NULL,None,NULL,0,1,0,4,1,0,0,0,0,Failed Climb,0,false,false,false,3,4,,,,,,,,,,,,,,,,,,,,,,,,,,,,
6009,31,12 17 06 45,True,Scale,False,Scale,True,None,NULL,1,0,0,5,0,0,0,0,0,Successful Climb,0,false,false,false,4,4,,,,,,,,,,,,,,,,,,,,,,,,,,,,
6009,34,12 14 37 33,True,Switch,True,None,NULL,None,NULL,0,2,0,4,0,1,0,0,0,Failed Climb,0,false,false,false,3,2,,,,,,,,,,,,,,,,,,,,,,,,,,,,
6009,42,13 10 00 33,True,None,NULL,None,NULL,None,NULL,0,3,1,1,0,0,0,4,0,Failed Climb,0,false,false,false,2,3,,,,,,,,,,,,,,,,,,,,,,,,,,,,
6009,50,13 11 16 11,True,None,True,None,NULL,None,NULL,0,0,0,0,0,0,0,0,0,Did Not Try,0,false,false,false,3,3,,,,,,,,,,,,,,,,,,,,,,,,,,,,
6009,54,13 08 57 50,True,None,NULL,None,NULL,None,NULL,0,0,0,7,0,0,0,0,0,Successful Climb,0,false,false,false,3,3,,,,,,,,,,,,,,,,,,,,,,,,,,,,
6009,62,13 14 21 22,True,Scale,True,None,NULL,None,NULL,1,2,0,3,0,2,0,0,0,Successful Climb,0,false,false,false,3,3,,,,,,,,,,,,,,,,,,,,,,,,,,,,
6009,76,13 16 35 18,True,Scale,False,Scale,False,None,NULL,1,0,0,3,1,0,0,0,0,Failed Climb,0,false,false,false,3,3,,,,,,,,,,,,,,,,,,,,,,,,,,,,
6009,69,13 15 28 36,True,Switch,False,None,NULL,None,NULL,0,0,0,2,0,0,0,0,0,Did Not Try,0,false,true,false,3,2,,,,,,,,,,,,,,,,,,,,,,,,,,,,
6070,1,12 08 10 57,True,None,NULL,None,False,None,NULL,0,2,0,1,0,6,0,0,0,Did Not Try,0,false,false,false,4,2,,,,,,,,,,,,,,,,,,,,,,,,,,,,
6070,12,12 13 02 23,True,None,NULL,None,NULL,None,NULL,0,0,1,0,0,0,0,8,1,Did Not Try,0,false,false,false,2,2,,,,,,,,,,,,,,,,,,,,,,,,,,,,
6070,21,12 15 27 05,True,None,NULL,None,NULL,None,NULL,0,0,0,0,0,8,0,0,0,Did Not Try,0,false,false,false,3,2,,,,,,,,,,,,,,,,,,,,,,,,,,,,
6070,18,12 14 59 38,True,None,NULL,None,NULL,None,NULL,0,4,0,0,0,0,0,0,0,Did Not Try,0,false,false,false,2,2,,,,,,,,,,,,,,,,,,,,,,,,,,,,
6070,33,12 17 28 14,True,None,NULL,None,NULL,None,NULL,0,4,0,0,0,0,0,0,0,Did Not Try,0,true,false,false,3,3,,,,,,,,,,,,,,,,,,,,,,,,,,,,
6070,39,13 09 32 47,True,Switch,NULL,None,NULL,None,NULL,0,0,0,0,0,6,0,0,0,Did Not Try,0,false,false,false,4,3,,,,,,,,,,,,,,,,,,,,,,,,,,,,
6070,51,13 11 31 09,True,None,NULL,None,NULL,None,NULL,0,5,1,0,0,1,0,0,0,Did Not Try,0,false,false,false,3,3,,,,,,,,,,,,,,,,,,,,,,,,,,,,
6070,57,13 12 25 27,True,Switch,True,None,NULL,None,NULL,0,6,0,0,0,0,0,0,0,Successful Climb,0,false,false,false,3,3,,,,,,,,,,,,,,,,,,,,,,,,,,,,
6070,42,13 07 00 15,True,None,NULL,None,NULL,None,False,0,5,0,0,0,0,0,0,0,Did Not Try,0,false,false,false,3,1,,,,,,,,,,,,,,,,,,,,,,,,,,,,
6070,65,13 14 51 21,True,Switch,True,None,NULL,None,NULL,0,5,1,0,0,0,0,0,0,Did Not Try,0,false,false,false,3,1,,,,,,,,,,,,,,,,,,,,,,,,,,,,
6070,75,13 13 25 45,True,Switch,True,None,NULL,None,NULL,0,0,0,0,0,7,1,0,0,Did Not Try,0,false,false,false,3,3,,,,,,,,,,,,,,,,,,,,,,,,,,,,
6110,4,12 11 41 39,True,None,NULL,None,NULL,None,NULL,0,5,1,0,0,0,0,0,0,Did Not Try,0,true,false,false,3,3,,,,,,,,,,,,,,,,,,,,,,,,,,,,
6110,8,12 12 25 28,True,None,NULL,None,NULL,None,NULL,0,0,0,0,0,7,1,1,0,Did Not Try,0,false,false,false,4,4,,,,,,,,,,,,,,,,,,,,,,,,,,,,
6110,17,12 14 46 14,True,Switch,True,None,NULL,None,NULL,0,0,0,0,0,0,0,1,0,Did Not Try,0,true,false,false,2,4,,,,,,,,,,,,,,,,,,,,,,,,,,,,
6110,27,12 13 33 02,True,None,NULL,None,NULL,None,NULL,0,5,1,0,0,0,0,0,0,Did Not Try,0,true,false,false,2,2,,,,,,,,,,,,,,,,,,,,,,,,,,,,
6110,35,12 14 47 20,True,Switch,True,None,NULL,None,NULL,0,3,0,0,0,2,0,0,0,Did Not Try,0,false,false,false,3,3,,,,,,,,,,,,,,,,,,,,,,,,,,,,
6110,54,13 11 58 16,True,Switch,True,None,NULL,None,NULL,0,5,1,0,0,1,0,0,0,Did Not Try,0,false,false,false,3,2,,,,,,,,,,,,,,,,,,,,,,,,,,,,
6110,57,13 09 26 39,True,Switch,True,None,NULL,None,NULL,0,0,0,0,0,5,0,0,0,Did Not Try,0,false,false,false,3,3,,,,,,,,,,,,,,,,,,,,,,,,,,,,
6110,64,13 11 41 14,True,None,False,None,False,None,False,0,1,0,0,0,0,0,6,0,Did Not Try,0,false,false,false,3,4,,,,,,,,,,,,,,,,,,,,,,,,,,,,
6110,70,13 12 36 38,True,Switch,True,None,NULL,None,NULL,0,2,0,0,0,0,0,6,0,Did Not Try,0,false,false,false,2,2,,,,,,,,,,,,,,,,,,,,,,,,,,,,
6110,74,13 16 15 44,True,None,NULL,None,NULL,None,NULL,0,2,1,0,0,0,0,0,0,Did Not Try,0,false,false,false,3,1,,,,,,,,,,,,,,,,,,,,,,,,,,,,
6135,5,12 11 52 16,True,Switch,True,None,NULL,None,NULL,0,0,0,0,0,0,0,0,0,Did Not Try,0,false,false,false,2,2,,,,,,,,,,,,,,,,,,,,,,,,,,,,
6135,10,12 12 44 33,True,Switch,True,None,NULL,None,NULL,0,1,1,0,0,0,0,1,0,Did Not Try,0,false,false,false,1,2,,,,,,,,,,,,,,,,,,,,,,,,,,,,
6135,15,12 14 26 00,True,Switch,True,None,NULL,None,NULL,0,2,0,0,0,0,0,1,0,Did Not Try,0,false,false,false,3,4,,,,,,,,,,,,,,,,,,,,,,,,,,,,
6135,24,12 15 55 31,True,Switch,True,None,NULL,None,NULL,0,0,0,0,0,0,0,0,0,Did Not Try,0,true,false,false,4,1,,,,,,,,,,,,,,,,,,,,,,,,,,,,
6135,39,13 09 33 00,True,Switch,True,None,NULL,None,NULL,0,4,1,0,0,0,0,0,0,Did Not Try,0,false,false,false,3,2,,,,,,,,,,,,,,,,,,,,,,,,,,,,
6135,43,13 10 08 12,True,None,NULL,None,NULL,None,NULL,0,5,0,0,0,0,0,0,0,Successful Climb,0,false,false,false,3,3,,,,,,,,,,,,,,,,,,,,,,,,,,,,
6135,49,13 11 05 38,True,Switch,False,None,NULL,None,NULL,0,0,0,0,0,0,0,7,1,Did Not Try,0,false,false,false,4,3,,,,,,,,,,,,,,,,,,,,,,,,,,,,
6135,56,13 09 17 00,True,Switch,True,None,NULL,None,NULL,0,0,0,0,0,2,1,0,0,Did Not Try,0,false,false,false,3,2,,,,,,,,,,,,,,,,,,,,,,,,,,,,
6135,61,13 14 12 19,True,Switch,True,None,NULL,None,NULL,0,1,1,0,0,0,0,10,0,Did Not Try,0,false,false,false,2,2,,,,,,,,,,,,,,,,,,,,,,,,,,,,
6135,68,13 12 19 25,True,None,NULL,None,NULL,None,NULL,0,2,2,0,0,0,0,2,0,Did Not Try,0,false,false,false,2,1,,,,,,,,,,,,,,,,,,,,,,,,,,,,
6632,7,12 12 14 14,True,Switch,False,None,NULL,None,NULL,1,2,1,0,0,1,1,0,0,Successful Climb,0,false,false,false,2,1,,,,,,,,,,,,,,,,,,,,,,,,,,,,
6632,11,12 12 51 59,True,None,NULL,None,NULL,None,NULL,0,0,0,1,0,1,0,0,0,Successful Climb,0,false,false,false,3,3,,,,,,,,,,,,,,,,,,,,,,,,,,,,
6632,23,12 15 44 38,True,None,NULL,None,NULL,None,NULL,0,0,0,2,4,0,0,0,0,Successful Climb,0,false,false,false,2,3,,,,,,,,,,,,,,,,,,,,,,,,,,,,
6632,18,12 14 54 52,True,None,NULL,None,NULL,None,NULL,0,0,0,6,2,0,0,0,0,Failed Climb,0,false,false,false,3,4,,,,,,,,,,,,,,,,,,,,,,,,,,,,
6632,30,12 17 00 03,True,Switch,True,None,NULL,None,NULL,0,1,0,3,3,0,0,0,0,Successful Climb,0,false,false,false,3,1,,,,,,,,,,,,,,,,,,,,,,,,,,,,
6632,42,13 09 59 21,True,None,NULL,None,False,None,NULL,0,1,0,0,0,7,1,0,0,Did Not Try,0,false,true,false,3,3,,,,,,,,,,,,,,,,,,,,,,,,,,,,
6632,48,13 10 56 42,True,None,NULL,None,NULL,None,NULL,0,0,0,2,1,1,1,0,0,Successful Climb,0,false,false,false,3,1,,,,,,,,,,,,,,,,,,,,,,,,,,,,
6632,55,13 09 08 27,True,None,NULL,None,NULL,Scale,True,0,0,0,0,1,4,2,0,0,Successful Climb,0,false,false,false,3,3,,,,,,,,,,,,,,,,,,,,,,,,,,,,
6632,61,13 14 12 47,True,None,NULL,None,NULL,None,NULL,0,7,1,0,0,0,0,0,0,Did Not Try,0,false,true,false,2,3,,,,,,,,,,,,,,,,,,,,,,,,,,,,
6632,70,13 15 36 31,True,Switch,True,None,NULL,None,NULL,0,0,0,3,0,1,0,0,0,Successful Climb,0,false,false,false,3,4,,,,,,,,,,,,,,,,,,,,,,,,,,,,
6854,3,12 11 31 54,True,Scale,False,None,NULL,None,NULL,0,0,0,0,1,2,0,0,0,Did Not Try,0,false,false,false,3,1,,,,,,,,,,,,,,,,,,,,,,,,,,,,
6854,12,12 10 02 11,True,Switch,True,None,False,None,NULL,0,0,0,1,1,0,1,0,0,Did Not Try,0,false,false,false,3,1,,,,,,,,,,,,,,,,,,,,,,,,,,,,
6854,19,12 15 01 35,True,Switch,True,None,NULL,None,NULL,0,2,0,0,0,0,0,0,0,Did Not Try,0,false,false,false,3,1,,,,,,,,,,,,,,,,,,,,,,,,,,,,
6854,26,12 16 14 47,True,Switch,True,None,NULL,None,NULL,0,0,0,0,0,0,0,0,0,Got carried,0,false,false,false,2,2,,,,,,,,,,,,,,,,,,,,,,,,,,,,
6854,31,12 17 09 45,True,Switch,True,None,NULL,None,NULL,0,0,0,4,0,0,0,0,0,Did Not Try,0,false,false,false,3,2,,,,,,,,,,,,,,,,,,,,,,,,,,,,
6854,37,12 14 56 11,True,Switch,True,None,NULL,None,NULL,0,0,0,0,0,4,0,0,0,Did Not Try,0,false,false,false,3,1,,,,,,,,,,,,,,,,,,,,,,,,,,,,
6854,49,13 11 06 10,True,None,NULL,None,NULL,None,NULL,0,0,0,3,0,0,0,0,0,Did Not Try,0,false,false,false,2,2,,,,,,,,,,,,,,,,,,,,,,,,,,,,
6854,58,13 12 33 28,True,None,NULL,None,NULL,None,NULL,0,0,0,1,0,1,1,0,0,Did Not Try,0,false,false,false,2,1,,,,,,,,,,,,,,,,,,,,,,,,,,,,
6854,44,13 10 18 30,True,None,NULL,None,NULL,None,NULL,0,0,0,5,0,0,0,0,0,Did Not Try,0,false,false,false,3,2,,,,,,,,,,,,,,,,,,,,,,,,,,,,
6854,63,13 11 33 12,True,None,NULL,None,NULL,None,NULL,0,0,0,1,0,0,0,1,1,Did Not Try,0,false,false,false,1,1,,,,,,,,,,,,,,,,,,,,,,,,,,,,
6854,68,13 15 18 43,True,None,NULL,None,NULL,None,NULL,0,0,0,0,0,3,2,0,0,Did Not Try,0,false,false,false,3,1,,,,,,,,,,,,,,,,,,,,,,,,,,,,
6854,78,13 13 55 02,True,None,NULL,None,NULL,None,NULL,0,2,0,0,0,0,0,7,0,Did Not Try,0,false,false,false,3,3,,,,,,,,,,,,,,,,,,,,,,,,,,,,
6878,7,12 09 13 59,True,None,NULL,None,NULL,None,NULL,0,0,1,0,0,0,0,5,0,Did Not Try,0,true,false,false,3,2,,,,,,,,,,,,,,,,,,,,,,,,,,,,
6878,4,12 11 39 38,True,None,NULL,None,NULL,None,NULL,0,1,0,0,0,0,1,4,0,Did Not Try,0,false,false,false,3,2,,,,,,,,,,,,,,,,,,,,,,,,,,,,
6878,14,12 14 19 28,True,None,NULL,None,NULL,None,NULL,0,3,0,0,0,0,0,0,0,Did Not Try,0,false,true,false,2,3,,,,,,,,,,,,,,,,,,,,,,,,,,,,
6878,25,12 16 04 51,True,None,NULL,None,NULL,None,NULL,0,2,0,0,0,1,0,0,0,Did Not Try,0,false,false,false,4,4,,,,,,,,,,,,,,,,,,,,,,,,,,,,
6878,33,12 17 28 02,True,None,NULL,None,NULL,None,NULL,0,3,1,0,0,0,0,5,0,Did Not Try,0,false,false,false,2,4,,,,,,,,,,,,,,,,,,,,,,,,,,,,
6878,40,13 06 42 22,False,None,NULL,None,NULL,None,NULL,0,0,0,0,0,1,0,0,0,Did Not Try,0,false,false,false,2,3,,,,,,,,,,,,,,,,,,,,,,,,,,,,
6878,47,13 10 47 45,True,None,NULL,None,NULL,None,NULL,0,0,0,0,0,0,0,0,0,Did Not Try,0,false,true,false,2,3,,,,,,,,,,,,,,,,,,,,,,,,,,,,
6878,52,13 11 39 36,True,None,NULL,None,NULL,None,NULL,0,0,0,0,0,1,1,0,0,Did Not Try,0,false,false,false,4,2,,,,,,,,,,,,,,,,,,,,,,,,,,,,
6878,56,13 12 17 50,True,None,NULL,None,NULL,None,NULL,0,0,0,0,0,0,0,9,0,Did Not Try,0,true,false,false,4,4,,,,,,,,,,,,,,,,,,,,,,,,,,,,
6878,72,13 15 55 05,True,None,NULL,None,NULL,None,NULL,0,0,0,0,0,2,0,0,0,Did Not Try,0,false,true,false,3,3,,,,,,,,,,,,,,,,,,,,,,,,,,,,
6987,7,12 09 13 50,True,None,NULL,None,NULL,None,NULL,0,0,0,0,0,0,0,0,0,Did Not Try,0,false,false,false,1,1,,,,,,,,,,,,,,,,,,,,,,,,,,,,
6987,12,12 13 02 21,False,None,NULL,None,NULL,None,NULL,0,2,0,0,0,0,0,0,0,Did Not Try,0,false,false,false,2,2,,,,,,,,,,,,,,,,,,,,,,,,,,,,
6987,20,12 12 13 07,True,None,NULL,None,NULL,None,NULL,0,0,0,0,0,0,0,1,0,Did Not Try,0,false,false,false,1,1,,,,,,,,,,,,,,,,,,,,,,,,,,,,
6987,25,12 13 05 07,True,None,NULL,None,NULL,None,NULL,0,0,2,0,0,0,0,0,0,Did Not Try,0,false,false,false,1,1,,,,,,,,,,,,,,,,,,,,,,,,,,,,
6987,30,12 17 00 40,True,None,NULL,None,NULL,None,NULL,0,0,0,0,0,0,0,9,1,Did Not Try,0,false,false,false,1,2,,,,,,,,,,,,,,,,,,,,,,,,,,,,
6987,34,12 17 37 29,True,None,NULL,None,NULL,None,NULL,0,0,0,0,0,0,0,5,1,Did Not Try,0,false,false,false,2,1,,,,,,,,,,,,,,,,,,,,,,,,,,,,
6987,51,13 11 31 08,True,None,NULL,None,NULL,None,NULL,0,0,0,0,0,1,0,0,0,Did Not Try,0,false,false,false,2,3,,,,,,,,,,,,,,,,,,,,,,,,,,,,
6987,43,13 07 08 27,True,None,NULL,None,NULL,None,NULL,0,1,2,0,0,0,0,0,0,Did Not Try,0,false,false,false,2,1,,,,,,,,,,,,,,,,,,,,,,,,,,,,
6987,66,13 15 00 35,True,None,NULL,None,NULL,None,NULL,0,1,0,0,0,0,0,8,2,Did Not Try,0,false,false,false,2,2,,,,,,,,,,,,,,,,,,,,,,,,,,,,
7013,9,12 12 34 04,True,Switch,True,None,NULL,None,NULL,0,0,0,0,0,2,0,0,0,Did Not Try,0,false,false,false,3,3,,,,,,,,,,,,,,,,,,,,,,,,,,,,
7013,4,12 10 42 08,False,Switch,True,Switch,True,None,False,1,0,0,0,0,1,0,0,0,Did Not Try,0,false,true,false,2,3,,,,,,,,,,,,,,,,,,,,,,,,,,,,
7013,20,12 12 12 26,False,Switch,True,Switch,True,None,NULL,1,2,0,0,0,0,0,4,0,Did Not Try,0,false,false,false,3,2,,,,,,,,,,,,,,,,,,,,,,,,,,,,
7013,26,12 13 15 28,True,Switch,True,Switch,True,None,NULL,1,3,0,0,0,0,0,4,0,Did Not Try,0,false,false,false,3,2,,,,,,,,,,,,,,,,,,,,,,,,,,,,
7013,33,12 17 28 41,True,Switch,True,None,NULL,None,NULL,0,0,0,0,0,6,0,0,0,Did Not Try,0,false,false,false,3,2,,,,,,,,,,,,,,,,,,,,,,,,,,,,
7013,40,13 09 42 18,True,Switch,True,Switch,True,None,NULL,1,0,0,0,0,5,0,0,0,Did Not Try,0,false,false,false,3,4,,,,,,,,,,,,,,,,,,,,,,,,,,,,
7013,49,13 08 06 02,True,Switch,True,None,NULL,None,NULL,0,1,0,0,0,4,0,0,0,Did Not Try,0,false,false,false,3,2,,,,,,,,,,,,,,,,,,,,,,,,,,,,
7013,60,13 13 04 43,True,Switch,True,Switch,True,None,NULL,1,5,2,0,0,1,0,0,0,Did Not Try,0,false,false,false,3,3,,,,,,,,,,,,,,,,,,,,,,,,,,,,
7013,60,13 13 04 34,True,Switch,True,Switch,True,None,NULL,1,5,0,0,0,1,0,0,0,Did Not Try,0,false,false,false,2,3,,,,,,,,,,,,,,,,,,,,,,,,,,,,
7013,80,13 17 14 06,True,Switch,True,None,NULL,None,NULL,0,0,0,0,0,0,0,0,0,Did Not Try,0,false,false,false,2,3,,,,,,,,,,,,,,,,,,,,,,,,,,,,
7013,73,13 16 04 33,True,Switch,True,Switch,True,None,NULL,1,2,0,0,0,0,0,0,0,Did Not Try,0,false,false,false,3,3,,,,,,,,,,,,,,,,,,,,,,,,,,,,
7013,65,13 14 51 22,True,Switch,True,Switch,True,None,NULL,0,2,0,0,0,1,0,0,0,Did Not Try,0,false,false,false,3,3,,,,,,,,,,,,,,,,,,,,,,,,,,,,
7058,11,12 12 52 12,True,None,NULL,None,NULL,None,NULL,0,0,0,0,0,2,1,0,0,Did Not Try,0,false,false,false,3,2,,,,,,,,,,,,,,,,,,,,,,,,,,,,
7058,7,12 11 14 04,True,None,False,None,NULL,None,NULL,0,0,0,1,0,3,0,0,0,Did Not Try,0,false,false,false,3,3,,,,,,,,,,,,,,,,,,,,,,,,,,,,
7058,16,12 14 35 43,True,None,NULL,None,NULL,None,NULL,0,0,0,0,0,2,2,0,0,Did Not Try,0,false,false,false,2,1,,,,,,,,,,,,,,,,,,,,,,,,,,,,
7058,23,12 12 44 36,True,None,NULL,None,NULL,None,False,0,1,1,0,0,0,0,10,0,Did Not Try,0,false,false,false,3,3,,,,,,,,,,,,,,,,,,,,,,,,,,,,
7058,34,12 17 37 28,True,None,NULL,None,NULL,None,NULL,0,1,0,0,0,0,0,0,0,Did Not Try,0,false,false,false,4,3,,,,,,,,,,,,,,,,,,,,,,,,,,,,
7058,51,13 11 31 00,True,None,NULL,None,NULL,None,NULL,0,1,0,0,0,0,0,10,0,Did Not Try,0,false,false,false,3,3,,,,,,,,,,,,,,,,,,,,,,,,,,,,
7058,46,13 10 38 21,True,None,NULL,None,NULL,None,NULL,0,0,0,0,0,5,1,0,0,Did Not Try,0,false,false,false,3,2,,,,,,,,,,,,,,,,,,,,,,,,,,,,
7058,56,13 09 17 14,True,None,NULL,None,NULL,None,NULL,0,6,1,0,0,0,0,0,0,Did Not Try,0,false,false,false,2,2,,,,,,,,,,,,,,,,,,,,,,,,,,,,
7058,65,13 14 51 19,True,None,NULL,None,NULL,None,NULL,0,0,0,0,0,3,0,0,0,Did Not Try,0,false,true,false,3,2,,,,,,,,,,,,,,,,,,,,,,,,,,,,
7058,74,13 13 16 21,True,None,NULL,None,NULL,None,NULL,0,1,1,0,0,0,0,9,0,Did Not Try,0,true,false,false,4,3,,,,,,,,,,,,,,,,,,,,,,,,,,,,
7200,2,12 11 19 03,True,Switch,True,None,NULL,None,NULL,0,0,0,0,0,0,0,6,0,Did Not Try,0,false,true,false,3,3,,,,,,,,,,,,,,,,,,,,,,,,,,,,
7200,8,12 11 24 59,True,Switch,True,None,False,None,NULL,0,1,0,0,0,3,0,0,0,Did Not Try,0,false,true,false,2,3,,,,,,,,,,,,,,,,,,,,,,,,,,,,
7200,16,12 11 36 43,True,Switch,True,None,NULL,None,NULL,0,2,0,0,0,1,0,4,0,Did Not Try,0,false,false,false,3,2,,,,,,,,,,,,,,,,,,,,,,,,,,,,
7200,21,12 15 26 50,True,None,NULL,None,NULL,None,NULL,0,4,3,0,0,0,0,0,0,Did Not Try,0,false,false,false,3,2,,,,,,,,,,,,,,,,,,,,,,,,,,,,
7200,36,12 14 46 44,True,Switch,True,None,NULL,None,NULL,0,8,2,0,0,0,0,0,0,Did Not Try,0,true,false,false,4,2,,,,,,,,,,,,,,,,,,,,,,,,,,,,
7200,49,13 11 06 14,True,None,NULL,None,NULL,None,NULL,0,4,2,0,0,0,0,0,0,Did Not Try,0,false,false,false,3,1,,,,,,,,,,,,,,,,,,,,,,,,,,,,
7200,46,13 10 38 39,True,Switch,True,None,NULL,None,NULL,1,0,0,0,0,4,2,1,0,Failed Climb,0,false,false,false,2,4,,,,,,,,,,,,,,,,,,,,,,,,,,,,
7200,54,13 08 58 20,True,None,NULL,None,NULL,None,False,0,0,1,0,0,2,3,1,0,Got carried,0,false,false,false,3,2,,,,,,,,,,,,,,,,,,,,,,,,,,,,
7200,61,13 11 12 34,True,None,NULL,None,NULL,None,NULL,0,0,0,0,0,3,1,0,0,Did Not Try,0,true,true,false,3,1,,,,,,,,,,,,,,,,,,,,,,,,,,,,
7200,79,13 14 04 34,True,Switch,True,None,NULL,None,NULL,0,1,0,0,0,6,0,0,0,Did Not Try,0,false,false,false,3,3,,,,,,,,,,,,,,,,,,,,,,,,,,,,
7200,68,13 15 17 40,True,Switch,True,None,NULL,None,NULL,0,3,0,0,0,0,0,0,0,Did Not Try,0,false,false,false,4,3,,,,,,,,,,,,,,,,,,,,,,,,,,,,
7267,10,12 12 43 13,True,None,NULL,None,NULL,None,NULL,0,0,0,0,0,0,0,7,0,Did Not Try,0,false,false,false,2,3,,,,,,,,,,,,,,,,,,,,,,,,,,,,
7267,1,12 10 11 36,True,None,False,None,False,None,NULL,0,0,0,0,0,1,0,0,0,Did Not Try,0,false,false,false,2,3,,,,,,,,,,,,,,,,,,,,,,,,,,,,
7267,16,12 14 38 15,True,None,NULL,None,NULL,None,NULL,0,2,0,0,0,0,0,6,2,Did Not Try,0,false,false,false,3,4,,,,,,,,,,,,,,,,,,,,,,,,,,,,
7267,25,12 16 08 44,True,None,NULL,None,NULL,None,NULL,0,2,0,0,0,0,0,7,0,Did Not Try,0,false,false,false,3,2,,,,,,,,,,,,,,,,,,,,,,,,,,,,
7267,29,12 16 50 49,True,None,NULL,None,NULL,None,NULL,0,3,0,0,0,0,0,6,1,Did Not Try,0,false,false,false,3,2,,,,,,,,,,,,,,,,,,,,,,,,,,,,
7267,34,12 17 38 09,True,Switch,True,None,False,None,False,0,0,0,0,0,1,3,4,0,Failed Climb,0,false,false,false,3,3,,,,,,,,,,,,,,,,,,,,,,,,,,,,
7267,44,13 10 18 49,True,None,NULL,None,NULL,None,NULL,0,1,0,1,0,5,1,0,0,Did Not Try,0,false,false,false,3,2,,,,,,,,,,,,,,,,,,,,,,,,,,,,
7267,53,13 11 48 34,True,None,NULL,None,NULL,None,NULL,0,0,0,0,0,5,0,0,0,Did Not Try,0,false,false,false,3,3,,,,,,,,,,,,,,,,,,,,,,,,,,,,
7267,59,13 12 42 51,True,None,NULL,None,NULL,None,NULL,0,0,0,0,0,2,0,0,0,Did Not Try,0,false,false,false,4,4,,,,,,,,,,,,,,,,,,,,,,,,,,,,
7267,66,13 15 00 21,True,None,NULL,None,NULL,None,False,0,2,0,0,0,0,0,0,0,Did Not Try,0,false,false,false,3,3,,,,,,,,,,,,,,,,,,,,,,,,,,,,
7267,70,13 15 36 37,False,None,NULL,None,NULL,None,NULL,0,0,0,0,0,1,0,0,0,Did Not Try,0,false,false,false,2,3,,,,,,,,,,,,,,,,,,,,,,,,,,,,
771,10,12 09 42 58,True,None,NULL,None,NULL,None,NULL,0,0,0,0,0,0,0,2,0,Did Not Try,0,false,false,false,3,1,,,,,,,,,,,,,,,,,,,,,,,,,,,,
771,3,12 10 33 03,True,None,NULL,None,NULL,None,NULL,0,0,0,0,0,0,0,0,0,Did Not Try,0,false,false,false,2,3,,,,,,,,,,,,,,,,,,,,,,,,,,,,
771,20,12 15 12 35,True,None,NULL,None,NULL,None,NULL,0,0,0,0,0,0,0,0,0,Did Not Try,0,false,false,false,1,1,,,,,,,,,,,,,,,,,,,,,,,,,,,,
771,27,12 16 30 03,True,None,NULL,None,NULL,None,NULL,0,0,0,0,0,0,0,1,0,Did Not Try,0,false,true,false,2,1,,,,,,,,,,,,,,,,,,,,,,,,,,,,
771,32,12 17 16 50,True,None,NULL,None,NULL,None,NULL,0,0,0,0,0,0,0,0,0,Did Not Try,0,false,true,false,1,1,,,,,,,,,,,,,,,,,,,,,,,,,,,,
771,39,13 09 33 01,True,None,NULL,None,NULL,None,NULL,0,0,0,0,0,0,0,5,2,Did Not Try,0,false,false,false,3,3,,,,,,,,,,,,,,,,,,,,,,,,,,,,
771,49,13 11 06 00,True,None,NULL,None,NULL,None,NULL,0,0,0,0,0,0,0,0,0,Did Not Try,0,false,false,false,3,2,,,,,,,,,,,,,,,,,,,,,,,,,,,,
771,46,13 10 38 20,True,None,NULL,None,NULL,None,NULL,0,0,0,0,0,0,0,0,0,Did Not Try,1,false,false,false,2,1,,,,,,,,,,,,,,,,,,,,,,,,,,,,
771,55,13 12 08 03,True,None,True,None,True,None,True,0,0,0,0,0,0,0,8,1,Did Not Try,0,false,false,false,3,3,,,,,,,,,,,,,,,,,,,,,,,,,,,,
771,62,13 11 21 26,True,None,NULL,None,NULL,None,NULL,0,0,0,0,0,0,0,5,0,Did Not Try,0,false,false,false,3,2,,,,,,,,,,,,,,,,,,,,,,,,,,,,
771,80,13 17 13 53,True,None,False,None,NULL,None,NULL,0,0,0,0,0,0,0,0,0,Did Not Try,0,true,false,false,3,1,,,,,,,,,,,,,,,,,,,,,,,,,,,,
771,72,13 15 53 11,True,None,NULL,None,False,None,NULL,0,0,0,0,0,0,0,0,0,Did Not Try,0,false,false,false,1,1,865,2,12 08 21 16,True,Switch,True,Switch,False,None,NULL,1,0,0,5,0,1,0,0,0,Successful Climb,0,false,false,false,3,4,Good robot,Sean Green
865,10,12 11 42 44,True,None,NULL,None,NULL,None,NULL,0,3,0,1,0,5,1,0,0,Successful Climb,0,false,false,false,3,3,,,,,,,,,,,,,,,,,,,,,,,,,,,,
865,17,12 14 46 57,True,None,NULL,None,NULL,None,NULL,0,0,0,6,0,0,0,0,0,Successful Climb,0,false,false,false,3,3,,,,,,,,,,,,,,,,,,,,,,,,,,,,
865,26,12 16 15 18,True,Scale,False,None,NULL,None,NULL,0,0,0,5,1,0,0,0,0,Successful Climb,0,false,false,false,3,4,,,,,,,,,,,,,,,,,,,,,,,,,,,,
865,30,12 16 57 35,True,Switch,True,None,True,None,NULL,2,1,0,5,1,1,0,0,0,Successful Climb,0,false,false,false,4,4,,,,,,,,,,,,,,,,,,,,,,,,,,,,
865,38,13 06 24 00,True,None,NULL,None,NULL,None,NULL,0,0,0,0,0,1,0,0,0,Successful Climb,0,false,false,false,3,3,,,,,,,,,,,,,,,,,,,,,,,,,,,,
865,41,13 09 50 22,True,None,NULL,None,NULL,None,NULL,0,0,0,6,0,0,0,0,0,Successful Climb,0,false,false,false,3,3,,,,,,,,,,,,,,,,,,,,,,,,,,,,
865,51,13 11 32 14,True,Scale,True,None,NULL,None,NULL,0,0,0,6,3,0,0,0,0,Did Not Try,0,false,false,false,3,3,,,,,,,,,,,,,,,,,,,,,,,,,,,,
865,60,13 13 05 04,True,Switch,True,None,NULL,None,NULL,0,2,0,3,1,1,0,0,0,Failed Climb,0,false,false,false,3,2,,,,,,,,,,,,,,,,,,,,,,,,,,,,
865,66,13 15 02 17,True,Switch,True,Switch,True,None,NULL,2,2,0,7,0,0,0,0,0,Did Not Try,0,false,false,false,2,4,,,,,,,,,,,,,,,,,,,,,,,,,,,,
865,74,13 16 15 32,True,Scale,True,None,NULL,None,NULL,0,1,0,5,0,0,0,0,0,Successful Climb,0,false,false,false,3,3,,,,,,,,,,,,,,,,,,,,,,,,,,,,
907,5,12 08 52 34,True,None,NULL,None,NULL,None,NULL,0,0,0,2,0,2,1,0,0,Did Not Try,0,true,false,false,3,3,,,,,,,,,,,,,,,,,,,,,,,,,,,,
907,8,12 09 25 42,True,Scale,False,None,NULL,None,NULL,0,0,0,0,0,1,1,0,0,Did Not Try,0,false,false,false,1,2,,,,,,,,,,,,,,,,,,,,,,,,,,,,
907,24,12 12 55 41,True,None,True,None,NULL,None,NULL,0,2,1,0,0,0,0,5,1,Successful Climb,0,false,false,false,4,3,,,,,,,,,,,,,,,,,,,,,,,,,,,,
907,28,12 16 42 04,True,Scale,False,None,NULL,None,NULL,0,2,0,0,0,0,0,7,0,Did Not Try,0,false,false,false,3,3,,,,,,,,,,,,,,,,,,,,,,,,,,,,
907,40,13 09 42 35,True,None,NULL,None,NULL,None,NULL,0,0,0,3,0,0,0,0,0,Did Not Try,0,false,false,true,2,2,,,,,,,,,,,,,,,,,,,,,,,,,,,,
907,44,13 07 18 33,True,Scale,False,None,NULL,None,NULL,0,4,1,0,0,0,0,0,0,Did Not Try,0,false,false,false,3,3,,,,,,,,,,,,,,,,,,,,,,,,,,,,
907,60,13 10 04 30,True,Switch,True,Scale,False,None,NULL,1,1,0,5,2,0,0,0,0,Successful Climb,0,false,false,false,4,3,,,,,,,,,,,,,,,,,,,,,,,,,,,,
907,66,13 12 02 00,True,Switch,False,None,NULL,None,NULL,1,2,0,4,0,0,0,0,0,Successful Climb,0,false,false,false,2,3,,,,,,,,,,,,,,,,,,,,,,,,,,,,
907,70,13 15 36 47,True,None,NULL,None,NULL,Scale,NULL,0,0,0,5,0,0,0,1,0,Did Not Try,0,false,false,false,3,3,,,,,,,,,,,,,,,,,,,,,,,,,,,,
907,79,13 17 04 31,True,None,NULL,None,NULL,None,NULL,0,2,0,1,0,1,0,0,0,Failed Climb,0,false,false,false,3,4,,,,,,,,,,,,,,,,,,,,,,,,,,,,
